Date,Open,High,Low,Close,Volume,OpenInterest,Close_Spot,T_Annual,IV,Delta,Gamma,Theta,Vega
2026-08-20 09:01:00,1.15,1.25,0.8,1.25,55,628,268.5,0.0013698630136986301,,,,,
2026-08-20 09:02:00,1.25,1.25,1.25,1.25,13,646,268.5,0.0013698630136986301,,,,,
2026-08-20 09:03:00,1.25,1.3,1.2,1.3,17,646,268.5,0.0013698630136986301,,,,,
2026-08-20 09:04:00,1.3,1.3,1.3,1.3,11,673,268.5,0.0013698630136986301,,,,,
2026-08-20 09:05:00,1.3,1.3,1.3,1.3,14,673,268.5,0.0013698630136986301,,,,,
2026-08-20 09:06:00,1.3,1.3,1.2,1.2,5,685,268.5,0.0013698630136986301,,,,,
2026-08-20 09:07:00,1.2,1.25,1.2,1.2,32,686,268.5,0.0013698630136986301,,,,,
2026-08-20 09:08:00,1.25,1.25,1.2,1.2,11,689,268.5,0.0013698630136986301,,,,,
2026-08-20 09:09:00,1.2,1.2,1.2,1.2,0,689,268.5,0.0013698630136986301,,,,,
2026-08-20 09:10:00,1.2,1.25,1.2,1.25,2,684,268.5,0.0013698630136986301,,,,,
2026-08-20 09:11:00,1.25,1.25,1.25,1.25,7,684,268.5,0.0013698630136986301,,,,,
2026-08-20 09:12:00,1.25,1.25,1.25,1.25,0,684,268.5,0.0013698630136986301,,,,,
2026-08-20 09:13:00,1.25,1.25,1.25,1.25,3,684,268.5,0.0013698630136986301,,,,,
2026-08-20 09:14:00,1.3,1.3,1.3,1.3,3,685,268.5,0.0013698630136986301,,,,,
2026-08-20 09:15:00,1.3,1.3,1.3,1.3,0,685,268.5,0.0013698630136986301,,,,,
2026-08-20 09:16:00,1.3,1.3,1.3,1.3,0,685,268.5,0.0013698630136986301,,,,,
2026-08-20 09:17:00,1.2,1.2,1.2,1.2,24,687,268.5,0.0013698630136986301,,,,,
2026-08-20 09:18:00,1.25,1.25,1.2,1.2,4,687,268.5,0.0013698630136986301,,,,,
2026-08-20 09:19:00,1.2,1.2,1.2,1.2,1,673,268.5,0.0013698630136986301,,,,,
2026-08-20 09:20:00,1.2,1.2,1.2,1.2,1,672,268.5,0.0013698630136986301,,,,,
2026-08-20 09:21:00,1.2,1.2,1.2,1.2,12,672,268.5,0.0013698630136986301,,,,,
2026-08-20 09:22:00,1.2,1.2,1.2,1.2,0,672,268.5,0.0013698630136986301,,,,,
2026-08-20 09:23:00,1.2,1.2,1.2,1.2,0,672,268.5,0.0013698630136986301,,,,,
2026-08-20 09:24:00,1.2,1.5,1.2,1.35,95,658,267.7,0.0013698630136986301,,,,,
2026-08-20 09:25:00,1.4,1.4,1.35,1.35,32,645,267.7,0.0013698630136986301,,,,,
2026-08-20 09:26:00,1.35,1.35,1.35,1.35,0,645,267.7,0.0013698630136986301,,,,,
2026-08-20 09:27:00,1.3,1.35,1.3,1.35,15,646,267.7,0.0013698630136986301,,,,,
2026-08-20 09:28:00,1.35,1.35,1.35,1.35,0,646,267.7,0.0013698630136986301,,,,,
2026-08-20 09:29:00,1.35,1.35,1.3,1.3,11,653,266.0,0.0013698630136986301,,,,,
2026-08-20 09:30:00,1.3,1.3,1.25,1.25,19,648,266.0,0.0013698630136986301,,,,,
2026-08-20 09:31:00,1.3,1.35,1.3,1.35,22,648,266.0,0.0013698630136986301,,,,,
2026-08-20 09:32:00,1.35,1.35,1.35,1.35,1,649,266.0,0.0013698630136986301,,,,,
2026-08-20 09:33:00,1.3,1.3,1.3,1.3,8,652,266.0,0.0013698630136986301,,,,,
2026-08-20 09:34:00,1.3,1.3,1.3,1.3,3,648,266.0,0.0013698630136986301,,,,,
2026-08-20 09:35:00,1.25,1.3,1.25,1.3,7,648,266.0,0.0013698630136986301,,,,,
2026-08-20 09:36:00,1.2,1.2,1.2,1.2,44,648,266.0,0.0013698630136986301,,,,,
2026-08-20 09:37:00,1.25,1.25,1.2,1.2,78,563,267.2,0.0013698630136986301,,,,,
2026-08-20 09:38:00,1.2,1.2,1.2,1.2,0,563,267.2,0.0013698630136986301,,,,,
2026-08-20 09:39:00,1.15,1.15,1.15,1.15,1,536,267.2,0.0013698630136986301,,,,,
2026-08-20 09:40:00,1.15,1.15,1.15,1.15,0,536,267.2,0.0013698630136986301,,,,,
2026-08-20 09:41:00,1.1,1.1,1.1,1.1,19,536,267.2,0.0013698630136986301,,,,,
2026-08-20 09:42:00,1.1,1.1,1.1,1.1,3,534,267.2,0.0013698630136986301,,,,,
2026-08-20 09:43:00,1.1,1.15,1.05,1.15,9,536,267.2,0.0013698630136986301,,,,,
2026-08-20 09:44:00,1.15,1.15,1.15,1.15,0,536,267.2,0.0013698630136986301,,,,,
2026-08-20 09:45:00,1.15,1.15,1.05,1.05,8,541,267.2,0.0013698630136986301,,,,,
2026-08-20 09:46:00,1.05,1.05,1.05,1.05,0,541,273.9,0.0013698630136986301,,,,,
2026-08-20 09:47:00,1.05,1.05,1.05,1.05,0,541,273.9,0.0013698630136986301,,,,,
2026-08-20 09:48:00,1.05,1.05,1.05,1.05,0,541,273.9,0.0013698630136986301,,,,,
2026-08-20 09:49:00,1.05,1.05,1.05,1.05,0,541,273.9,0.0013698630136986301,,,,,
2026-08-20 09:50:00,1.05,1.05,1.05,1.05,0,541,267.7,0.0013698630136986301,,,,,
2026-08-20 09:51:00,1.05,1.05,1.05,1.05,0,541,267.7,0.0013698630136986301,,,,,
2026-08-20 09:52:00,1.1,1.1,1.1,1.1,1,537,267.7,0.0013698630136986301,,,,,
2026-08-20 09:53:00,1.05,1.15,1.05,1.15,21,537,267.7,0.0013698630136986301,,,,,
2026-08-20 09:54:00,1.15,1.15,1.15,1.15,15,544,267.7,0.0013698630136986301,,,,,
2026-08-20 09:55:00,1.15,1.15,1.15,1.15,6,538,267.7,0.0013698630136986301,,,,,
2026-08-20 09:56:00,1.15,1.15,1.15,1.15,0,538,267.7,0.0013698630136986301,,,,,
2026-08-20 09:57:00,1.2,1.2,1.2,1.2,2,538,267.7,0.0013698630136986301,,,,,
2026-08-20 09:58:00,1.1,1.1,1.1,1.1,1,537,267.7,0.0013698630136986301,,,,,
2026-08-20 09:59:00,1.1,1.1,1.1,1.1,0,537,267.7,0.0013698630136986301,,,,,
2026-08-20 10:00:00,1.1,1.1,1.1,1.1,9,538,267.7,0.0013698630136986301,,,,,
2026-08-20 10:01:00,1.1,1.1,1.1,1.1,1,543,267.7,0.0013698630136986301,,,,,
2026-08-20 10:02:00,1.1,1.1,1.1,1.1,9,548,267.7,0.0013698630136986301,,,,,
2026-08-20 10:03:00,1.1,1.1,1.1,1.1,5,548,267.7,0.0013698630136986301,,,,,
2026-08-20 10:04:00,1.1,1.1,1.1,1.1,0,548,267.7,0.0013698630136986301,,,,,
2026-08-20 10:05:00,1.1,1.1,1.1,1.1,0,548,267.7,0.0013698630136986301,,,,,
2026-08-20 10:06:00,1.1,1.1,1.1,1.1,0,548,267.7,0.0013698630136986301,,,,,
2026-08-20 10:07:00,1.1,1.1,1.1,1.1,0,548,267.7,0.0013698630136986301,,,,,
2026-08-20 10:08:00,1.1,1.1,1.1,1.1,0,548,267.7,0.0013698630136986301,,,,,
2026-08-20 10:09:00,1.1,1.1,1.1,1.1,0,548,267.7,0.0013698630136986301,,,,,
2026-08-20 10:10:00,1.1,1.1,1.1,1.1,0,548,267.7,0.0013698630136986301,,,,,
2026-08-20 10:11:00,1.1,1.1,1.1,1.1,0,548,267.7,0.0013698630136986301,,,,,
2026-08-20 10:12:00,1.1,1.1,1.1,1.1,0,548,267.7,0.0013698630136986301,,,,,
2026-08-20 10:13:00,1.2,1.2,1.2,1.2,8,548,267.7,0.0013698630136986301,,,,,
2026-08-20 10:14:00,1.2,1.2,1.2,1.2,0,548,267.7,0.0013698630136986301,,,,,
2026-08-20 10:15:00,1.15,1.15,1.15,1.15,1,553,267.7,0.0013698630136986301,,,,,
2026-08-20 10:16:00,1.15,1.15,1.15,1.15,1,553,267.7,0.0013698630136986301,,,,,
2026-08-20 10:17:00,1.15,1.15,1.15,1.15,0,553,267.7,0.0013698630136986301,,,,,
2026-08-20 10:18:00,1.05,1.05,1.05,1.05,7,553,267.7,0.0013698630136986301,,,,,
2026-08-20 10:19:00,1.05,1.05,1.05,1.05,0,553,267.7,0.0013698630136986301,,,,,
2026-08-20 10:20:00,1.05,1.05,1.05,1.05,2,553,267.7,0.0013698630136986301,,,,,
2026-08-20 10:21:00,1.05,1.05,1.05,1.05,1,554,267.7,0.0013698630136986301,,,,,
2026-08-20 10:22:00,1.05,1.05,1.05,1.05,0,554,267.7,0.0013698630136986301,,,,,
2026-08-20 10:23:00,1.05,1.15,1.05,1.15,3,553,267.7,0.0013698630136986301,,,,,
2026-08-20 10:24:00,1.15,1.15,1.15,1.15,0,553,267.7,0.0013698630136986301,,,,,
2026-08-20 10:25:00,1.15,1.15,1.15,1.15,5,554,267.7,0.0013698630136986301,,,,,
2026-08-20 10:26:00,1.15,1.15,1.15,1.15,0,554,267.7,0.0013698630136986301,,,,,
2026-08-20 10:27:00,1.05,1.05,1.05,1.05,1,554,267.7,0.0013698630136986301,,,,,
2026-08-20 10:28:00,1.05,1.05,1.05,1.05,0,554,267.7,0.0013698630136986301,,,,,
2026-08-20 10:29:00,1.05,1.05,1.05,1.05,0,554,267.7,0.0013698630136986301,,,,,
2026-08-20 10:30:00,1.05,1.05,1.05,1.05,0,554,267.7,0.0013698630136986301,,,,,
2026-08-20 10:31:00,1.05,1.05,1.05,1.05,0,554,267.7,0.0013698630136986301,,,,,
2026-08-20 10:32:00,1.05,1.05,1.05,1.05,4,549,267.7,0.0013698630136986301,,,,,
2026-08-20 10:33:00,0.95,1.0,0.95,1.0,6,545,267.7,0.0013698630136986301,,,,,
2026-08-20 10:34:00,1.05,1.05,1.05,1.05,1,545,267.7,0.0013698630136986301,,,,,
2026-08-20 10:35:00,0.95,1.0,0.95,1.0,135,544,267.7,0.0013698630136986301,,,,,
2026-08-20 10:36:00,1.0,1.0,1.0,1.0,132,558,267.7,0.0013698630136986301,,,,,
2026-08-20 10:37:00,1.0,1.0,1.0,1.0,67,558,267.7,0.0013698630136986301,,,,,
2026-08-20 10:38:00,1.0,1.0,1.0,1.0,298,572,267.7,0.0013698630136986301,,,,,
2026-08-20 10:39:00,1.0,1.0,1.0,1.0,266,578,267.7,0.0013698630136986301,,,,,
2026-08-20 10:40:00,1.0,1.0,1.0,1.0,234,579,267.7,0.0013698630136986301,,,,,
2026-08-20 10:41:00,1.0,1.0,1.0,1.0,251,579,267.7,0.0013698630136986301,,,,,
2026-08-20 10:42:00,1.0,1.0,1.0,1.0,283,593,267.7,0.0013698630136986301,,,,,
2026-08-20 10:43:00,1.0,1.0,1.0,1.0,103,595,267.7,0.0013698630136986301,,,,,
2026-08-20 10:44:00,1.0,1.0,1.0,1.0,272,593,267.7,0.0013698630136986301,,,,,
2026-08-20 10:45:00,1.0,1.0,1.0,1.0,148,618,267.7,0.0013698630136986301,,,,,
2026-08-20 10:46:00,1.0,1.0,1.0,1.0,299,612,267.7,0.0013698630136986301,,,,,
2026-08-20 10:47:00,1.0,1.0,1.0,1.0,140,612,267.7,0.0013698630136986301,,,,,
2026-08-20 10:48:00,1.05,1.05,1.05,1.05,3,589,267.7,0.0013698630136986301,,,,,
2026-08-20 10:49:00,1.05,1.05,1.05,1.05,6,589,267.7,0.0013698630136986301,,,,,
2026-08-20 10:50:00,1.0,1.0,1.0,1.0,1,597,267.7,0.0013698630136986301,,,,,
2026-08-20 10:51:00,1.0,1.0,1.0,1.0,26,598,267.7,0.0013698630136986301,,,,,
2026-08-20 10:52:00,1.05,1.05,1.0,1.0,98,614,267.7,0.0013698630136986301,,,,,
2026-08-20 10:53:00,1.0,1.05,1.0,1.0,153,614,267.7,0.0013698630136986301,,,,,
2026-08-20 10:54:00,1.0,1.0,1.0,1.0,105,589,267.7,0.0013698630136986301,,,,,
2026-08-20 10:55:00,1.0,1.0,1.0,1.0,502,614,267.7,0.0013698630136986301,,,,,
2026-08-20 10:56:00,1.0,1.0,1.0,1.0,856,604,267.7,0.0013698630136986301,,,,,
2026-08-20 10:57:00,1.0,1.0,1.0,1.0,220,604,267.7,0.0013698630136986301,,,,,
2026-08-20 10:58:00,1.0,1.0,1.0,1.0,0,604,267.7,0.0013698630136986301,,,,,
2026-08-20 10:59:00,1.0,1.0,1.0,1.0,0,604,267.7,0.0013698630136986301,,,,,
2026-08-20 11:00:00,1.0,1.0,0.95,1.0,6,559,267.7,0.0013698630136986301,,,,,
2026-08-20 11:01:00,1.0,1.0,1.0,1.0,10,559,267.7,0.0013698630136986301,,,,,
2026-08-20 11:02:00,1.0,1.0,1.0,1.0,0,559,267.7,0.0013698630136986301,,,,,
2026-08-20 11:03:00,1.0,1.0,1.0,1.0,0,559,267.7,0.0013698630136986301,,,,,
2026-08-20 11:04:00,0.95,0.95,0.95,0.95,1,559,267.7,0.0013698630136986301,,,,,
2026-08-20 11:05:00,0.95,0.95,0.95,0.95,15,541,267.7,0.0013698630136986301,,,,,
2026-08-20 11:06:00,0.95,0.95,0.95,0.95,45,541,267.7,0.0013698630136986301,,,,,
2026-08-20 11:07:00,0.95,0.95,0.95,0.95,34,540,267.7,0.0013698630136986301,,,,,
2026-08-20 11:08:00,0.95,0.95,0.95,0.95,84,535,267.7,0.0013698630136986301,,,,,
2026-08-20 11:09:00,0.95,0.95,0.95,0.95,0,535,267.7,0.0013698630136986301,,,,,
2026-08-20 11:10:00,0.95,0.95,0.95,0.95,5,535,267.7,0.0013698630136986301,,,,,
2026-08-20 11:11:00,0.95,0.95,0.95,0.95,2,535,268.0,0.0013698630136986301,,,,,
2026-08-20 11:12:00,0.9,0.9,0.9,0.9,11,535,268.0,0.0013698630136986301,,,,,
2026-08-20 11:13:00,0.9,0.9,0.85,0.85,20,525,268.0,0.0013698630136986301,,,,,
2026-08-20 11:14:00,0.85,0.85,0.8,0.8,36,529,268.0,0.0013698630136986301,,,,,
2026-08-20 11:15:00,0.8,0.8,0.8,0.8,2,529,268.0,0.0013698630136986301,,,,,
2026-08-20 11:16:00,0.8,0.8,0.8,0.8,60,521,268.0,0.0013698630136986301,,,,,
2026-08-20 11:17:00,0.8,0.85,0.8,0.85,30,521,268.0,0.0013698630136986301,,,,,
2026-08-20 11:18:00,0.8,0.85,0.8,0.85,43,499,268.0,0.0013698630136986301,,,,,
2026-08-20 11:19:00,0.85,0.85,0.75,0.8,66,508,268.0,0.0013698630136986301,,,,,
2026-08-20 11:20:00,0.8,0.8,0.8,0.8,12,508,268.0,0.0013698630136986301,,,,,
2026-08-20 11:21:00,0.75,0.75,0.75,0.75,30,504,268.0,0.0013698630136986301,,,,,
2026-08-20 11:22:00,0.75,0.75,0.75,0.75,2,504,268.0,0.0013698630136986301,,,,,
2026-08-20 11:23:00,0.8,0.8,0.8,0.8,30,490,268.0,0.0013698630136986301,,,,,
2026-08-20 11:24:00,0.8,0.8,0.8,0.8,0,490,268.0,0.0013698630136986301,,,,,
2026-08-20 11:25:00,0.85,0.9,0.85,0.9,41,506,268.0,0.0013698630136986301,,,,,
2026-08-20 11:26:00,0.95,0.95,0.95,0.95,15,523,268.0,0.0013698630136986301,,,,,
2026-08-20 11:27:00,0.95,0.95,0.95,0.95,10,533,268.0,0.0013698630136986301,,,,,
2026-08-20 11:28:00,1.0,1.0,1.0,1.0,7,523,268.0,0.0013698630136986301,,,,,
2026-08-20 11:29:00,1.0,1.0,1.0,1.0,0,523,268.0,0.0013698630136986301,,,,,
2026-08-20 11:30:00,1.0,1.0,1.0,1.0,5,525,268.0,0.0013698630136986301,,,,,
2026-08-20 11:31:00,1.0,1.0,1.0,1.0,2,525,268.0,0.0013698630136986301,,,,,
2026-08-20 11:32:00,1.0,1.0,1.0,1.0,0,525,268.0,0.0013698630136986301,,,,,
2026-08-20 11:33:00,1.0,1.0,1.0,1.0,0,525,268.0,0.0013698630136986301,,,,,
2026-08-20 11:34:00,1.0,1.0,1.0,1.0,0,525,268.0,0.0013698630136986301,,,,,
2026-08-20 11:35:00,1.0,1.0,0.8,0.8,91,523,268.0,0.0013698630136986301,,,,,
2026-08-20 11:36:00,0.85,0.85,0.85,0.85,10,523,268.0,0.0013698630136986301,,,,,
2026-08-20 11:37:00,0.9,0.95,0.9,0.95,36,493,268.0,0.0013698630136986301,,,,,
2026-08-20 11:38:00,0.9,0.9,0.9,0.9,11,493,268.0,0.0013698630136986301,,,,,
2026-08-20 11:39:00,0.95,0.95,0.95,0.95,10,518,268.0,0.0013698630136986301,,,,,
2026-08-20 11:40:00,0.9,0.9,0.9,0.9,2,518,268.0,0.0013698630136986301,,,,,
2026-08-20 11:41:00,0.95,1.05,0.95,1.0,36,523,268.0,0.0013698630136986301,,,,,
2026-08-20 11:42:00,1.0,1.0,1.0,1.0,10,525,268.0,0.0013698630136986301,,,,,
2026-08-20 11:43:00,1.0,1.0,1.0,1.0,0,525,268.0,0.0013698630136986301,,,,,
2026-08-20 11:44:00,0.95,1.05,0.95,1.05,22,513,268.0,0.0013698630136986301,,,,,
2026-08-20 11:45:00,1.05,1.05,1.05,1.05,6,513,268.0,0.0013698630136986301,,,,,
2026-08-20 11:46:00,1.05,1.05,1.05,1.05,12,533,268.0,0.0013698630136986301,,,,,
2026-08-20 11:47:00,1.05,1.05,1.05,1.05,0,533,268.0,0.0013698630136986301,,,,,
2026-08-20 11:48:00,1.0,1.0,1.0,1.0,6,533,268.0,0.0013698630136986301,,,,,
2026-08-20 11:49:00,1.0,1.0,1.0,1.0,0,533,268.0,0.0013698630136986301,,,,,
2026-08-20 11:50:00,1.0,1.0,1.0,1.0,8,528,268.0,0.0013698630136986301,,,,,
2026-08-20 11:51:00,1.0,1.0,1.0,1.0,0,528,268.0,0.0013698630136986301,,,,,
2026-08-20 11:52:00,1.0,1.05,1.0,1.05,34,553,268.0,0.0013698630136986301,,,,,
2026-08-20 11:53:00,1.05,1.1,1.05,1.1,5,564,268.0,0.0013698630136986301,,,,,
2026-08-20 11:54:00,1.1,1.1,1.1,1.1,2,559,268.0,0.0013698630136986301,,,,,
2026-08-20 11:55:00,1.05,1.1,1.05,1.1,3,560,268.0,0.0013698630136986301,,,,,
2026-08-20 11:56:00,1.1,1.25,1.1,1.25,261,689,268.0,0.0013698630136986301,,,,,
2026-08-20 11:57:00,1.15,1.15,1.15,1.15,48,777,268.0,0.0013698630136986301,,,,,
2026-08-20 11:58:00,1.1,1.1,1.1,1.1,145,777,268.0,0.0013698630136986301,,,,,
2026-08-20 11:59:00,1.1,1.1,1.1,1.1,21,617,268.0,0.0013698630136986301,,,,,
2026-08-20 12:00:00,1.05,1.05,1.05,1.05,1,617,268.0,0.0013698630136986301,,,,,
2026-08-20 12:01:00,1.05,1.05,0.95,0.95,87,617,268.0,0.0013698630136986301,,,,,
2026-08-20 12:02:00,0.95,1.0,0.95,1.0,40,588,268.0,0.0013698630136986301,,,,,
2026-08-20 12:03:00,1.0,1.2,1.0,1.2,129,588,268.0,0.0013698630136986301,,,,,
2026-08-20 12:04:00,1.25,1.25,1.2,1.2,39,613,268.0,0.0013698630136986301,,,,,
2026-08-20 12:05:00,1.2,1.2,1.15,1.15,3,611,268.0,0.0013698630136986301,,,,,
2026-08-20 12:06:00,1.15,1.15,1.15,1.15,22,604,268.0,0.0013698630136986301,,,,,
2026-08-20 12:07:00,1.2,1.3,1.2,1.3,70,611,266.8,0.0013698630136986301,,,,,
2026-08-20 12:08:00,1.3,1.3,1.2,1.2,35,645,262.8,0.0013698630136986301,,,,,
2026-08-20 12:09:00,1.2,1.2,1.2,1.2,12,645,262.8,0.0013698630136986301,,,,,
2026-08-20 12:10:00,1.25,1.25,1.25,1.25,12,614,262.8,0.0013698630136986301,,,,,
2026-08-20 12:11:00,1.25,1.3,1.25,1.25,8,624,262.8,0.0013698630136986301,,,,,
2026-08-20 12:12:00,1.25,1.25,1.25,1.25,0,624,262.8,0.0013698630136986301,,,,,
2026-08-20 12:13:00,1.4,1.4,1.4,1.4,13,626,262.8,0.0013698630136986301,,,,,
2026-08-20 12:14:00,1.4,1.4,1.4,1.4,10,637,262.8,0.0013698630136986301,,,,,
2026-08-20 12:15:00,1.45,1.45,1.35,1.35,9,628,262.8,0.0013698630136986301,,,,,
2026-08-20 12:16:00,1.4,1.4,1.4,1.4,26,629,262.8,0.0013698630136986301,,,,,
2026-08-20 12:17:00,1.35,1.35,1.35,1.35,10,630,262.8,0.0013698630136986301,,,,,
2026-08-20 12:18:00,1.4,1.4,1.4,1.4,11,620,262.8,0.0013698630136986301,,,,,
2026-08-20 12:19:00,1.4,1.4,1.35,1.35,22,622,262.8,0.0013698630136986301,,,,,
2026-08-20 12:20:00,1.35,1.35,1.35,1.35,0,622,267.0,0.0013698630136986301,,,,,
2026-08-20 12:21:00,1.3,1.3,1.2,1.25,19,618,267.0,0.0013698630136986301,,,,,
2026-08-20 12:22:00,1.25,1.25,1.25,1.25,0,618,267.0,0.0013698630136986301,,,,,
2026-08-20 12:23:00,1.35,1.35,1.35,1.35,22,618,267.0,0.0013698630136986301,,,,,
2026-08-20 12:24:00,1.35,1.35,1.25,1.25,15,601,267.0,0.0013698630136986301,,,,,
2026-08-20 12:25:00,1.25,1.25,1.2,1.2,12,601,267.0,0.0013698630136986301,,,,,
2026-08-20 12:26:00,1.25,1.25,1.25,1.25,14,592,267.0,0.0013698630136986301,,,,,
2026-08-20 12:27:00,1.25,1.25,1.25,1.25,0,592,267.0,0.0013698630136986301,,,,,
2026-08-20 12:28:00,1.25,1.25,1.25,1.25,2,594,267.0,0.0013698630136986301,,,,,
2026-08-20 12:29:00,1.25,1.25,1.25,1.25,0,594,267.0,0.0013698630136986301,,,,,
2026-08-20 12:30:00,1.25,1.25,1.25,1.25,0,594,266.5,0.0013698630136986301,,,,,
2026-08-20 12:31:00,1.35,1.35,1.35,1.35,1,594,266.5,0.0013698630136986301,,,,,
2026-08-20 12:32:00,1.35,1.35,1.35,1.35,1,593,266.5,0.0013698630136986301,,,,,
2026-08-20 12:33:00,1.4,1.4,1.4,1.4,2,594,266.5,0.0013698630136986301,,,,,
2026-08-20 12:34:00,1.4,1.4,1.4,1.4,10,596,266.5,0.0013698630136986301,,,,,
2026-08-20 12:35:00,1.4,1.4,1.4,1.4,1,596,266.5,0.0013698630136986301,,,,,
2026-08-20 12:36:00,1.45,1.45,1.4,1.45,52,621,266.5,0.0013698630136986301,,,,,
2026-08-20 12:37:00,1.45,1.45,1.45,1.45,1,621,266.5,0.0013698630136986301,,,,,
2026-08-20 12:38:00,1.5,1.85,1.5,1.8,73,595,266.0,0.0013698630136986301,,,,,
2026-08-20 12:39:00,1.75,1.75,1.7,1.7,3,595,266.0,0.0013698630136986301,,,,,
2026-08-20 12:40:00,1.7,1.75,1.7,1.75,17,598,266.0,0.0013698630136986301,,,,,
2026-08-20 12:41:00,1.7,1.7,1.65,1.65,8,603,266.0,0.0013698630136986301,,,,,
2026-08-20 12:42:00,1.65,1.65,1.5,1.55,43,602,266.0,0.0013698630136986301,,,,,
2026-08-20 12:43:00,1.6,1.6,1.55,1.55,2,604,266.0,0.0013698630136986301,,,,,
2026-08-20 12:44:00,1.5,1.7,1.5,1.7,30,601,266.0,0.0013698630136986301,,,,,
2026-08-20 12:45:00,1.75,1.75,1.75,1.75,45,613,266.0,0.0013698630136986301,,,,,
2026-08-20 12:46:00,1.75,1.75,1.75,1.75,1,613,266.0,0.0013698630136986301,,,,,
2026-08-20 12:47:00,1.75,1.75,1.75,1.75,15,613,266.0,0.0013698630136986301,,,,,
2026-08-20 12:48:00,1.75,1.75,1.75,1.75,7,613,266.0,0.0013698630136986301,,,,,
2026-08-20 12:49:00,1.85,1.9,1.8,1.8,54,611,266.0,0.0013698630136986301,,,,,
2026-08-20 12:50:00,1.8,1.8,1.8,1.8,24,610,266.0,0.0013698630136986301,,,,,
2026-08-20 12:51:00,1.75,1.8,1.75,1.8,4,610,266.0,0.0013698630136986301,,,,,
2026-08-20 12:52:00,1.7,1.7,1.7,1.7,9,611,266.0,0.0013698630136986301,,,,,
2026-08-20 12:53:00,1.7,1.8,1.7,1.8,22,608,266.0,0.0013698630136986301,,,,,
2026-08-20 12:54:00,1.75,1.8,1.75,1.8,13,616,266.0,0.0013698630136986301,,,,,
2026-08-20 12:55:00,1.8,1.8,1.8,1.8,3,617,266.0,0.0013698630136986301,,,,,
2026-08-20 12:56:00,1.8,1.9,1.8,1.9,4,617,266.0,0.0013698630136986301,,,,,
2026-08-20 12:57:00,1.95,2.0,1.85,2.0,18,619,266.0,0.0013698630136986301,,,,,
2026-08-20 12:58:00,1.9,2.0,1.9,2.0,28,621,266.0,0.0013698630136986301,,,,,
2026-08-20 12:59:00,2.05,2.1,2.0,2.0,19,621,266.0,0.0013698630136986301,,,,,
2026-08-20 13:00:00,2.05,2.1,2.05,2.1,10,622,265.0,0.0013698630136986301,,,,,
2026-08-20 13:01:00,2.15,2.25,2.15,2.15,26,627,265.0,0.0013698630136986301,,,,,
2026-08-20 13:02:00,2.25,2.25,2.25,2.25,3,628,265.0,0.0013698630136986301,,,,,
2026-08-20 13:03:00,2.3,2.35,2.3,2.3,12,637,265.0,0.0013698630136986301,,,,,
2026-08-20 13:04:00,2.35,2.35,2.35,2.35,16,637,265.0,0.0013698630136986301,,,,,
2026-08-20 13:05:00,2.35,2.45,2.35,2.45,4,635,265.0,0.0013698630136986301,,,,,
2026-08-20 13:06:00,2.35,2.4,2.35,2.4,7,635,265.0,0.0013698630136986301,,,,,
2026-08-20 13:07:00,2.35,2.35,2.25,2.3,6,634,265.0,0.0013698630136986301,,,,,
2026-08-20 13:08:00,2.25,2.25,2.25,2.25,8,634,264.8,0.0013698630136986301,,,,,
2026-08-20 13:09:00,2.3,2.3,2.3,2.3,2,634,264.8,0.0013698630136986301,,,,,
2026-08-20 13:10:00,2.35,2.35,2.35,2.35,9,635,264.8,0.0013698630136986301,,,,,
2026-08-20 13:11:00,2.55,2.55,2.55,2.55,66,634,264.8,0.0013698630136986301,,,,,
2026-08-20 13:12:00,2.45,2.45,2.45,2.45,4,634,264.8,0.0013698630136986301,,,,,
2026-08-20 13:13:00,2.45,2.6,2.45,2.6,29,568,263.9,0.0013698630136986301,,,,,
2026-08-20 13:14:00,2.65,2.8,2.65,2.7,36,565,263.9,0.0013698630136986301,,,,,
2026-08-20 13:15:00,2.8,2.8,2.75,2.75,25,565,263.9,0.0013698630136986301,,,,,
2026-08-20 13:16:00,2.8,2.8,2.8,2.8,11,563,263.9,0.0013698630136986301,,,,,
2026-08-20 13:17:00,2.7,2.7,2.6,2.6,13,563,263.9,0.0013698630136986301,,,,,
2026-08-20 13:18:00,2.7,2.7,2.65,2.65,12,565,263.9,0.0013698630136986301,,,,,
2026-08-20 13:19:00,2.75,2.75,2.65,2.65,3,565,263.9,0.0013698630136986301,,,,,
2026-08-20 13:20:00,2.65,2.65,2.65,2.65,8,565,263.9,0.0013698630136986301,,,,,
2026-08-20 13:21:00,2.75,2.75,2.75,2.75,1,573,263.9,0.0013698630136986301,,,,,
2026-08-20 13:22:00,2.75,2.75,2.75,2.75,9,573,263.9,0.0013698630136986301,,,,,
2026-08-20 13:23:00,2.75,2.75,2.75,2.75,3,573,263.9,0.0013698630136986301,,,,,
2026-08-20 13:24:00,2.85,2.85,2.75,2.75,4,573,263.9,0.0013698630136986301,,,,,
2026-08-20 13:25:00,2.75,2.75,2.7,2.7,11,573,263.9,0.0013698630136986301,,,,,
2026-08-20 13:26:00,2.8,2.8,2.8,2.8,2,573,263.9,0.0013698630136986301,,,,,
2026-08-20 13:27:00,2.8,2.8,2.8,2.8,0,573,263.9,0.0013698630136986301,,,,,
2026-08-20 13:28:00,2.8,2.8,2.8,2.8,0,573,263.9,0.0013698630136986301,,,,,
2026-08-20 13:29:00,2.8,2.8,2.7,2.75,11,577,263.9,0.0013698630136986301,,,,,
2026-08-20 13:30:00,2.8,2.85,2.8,2.85,25,577,263.9,0.0013698630136986301,,,,,
2026-08-20 13:31:00,3.0,3.15,3.0,3.15,18,579,263.9,0.0013698630136986301,,,,,
2026-08-20 13:32:00,3.1,3.55,3.1,3.55,75,579,263.0,0.0013698630136986301,,,,,
2026-08-20 13:33:00,3.5,3.5,3.25,3.4,55,580,263.0,0.0013698630136986301,,,,,
2026-08-20 13:34:00,3.45,3.45,3.35,3.35,3,580,263.0,0.0013698630136986301,,,,,
2026-08-20 13:35:00,3.5,3.5,3.4,3.4,11,603,263.0,0.0013698630136986301,,,,,
2026-08-20 13:36:00,3.3,3.3,3.3,3.3,1,603,263.0,0.0013698630136986301,,,,,
2026-08-20 13:37:00,3.3,3.5,3.3,3.5,13,606,263.0,0.0013698630136986301,,,,,
2026-08-20 13:38:00,3.5,3.5,3.5,3.5,2,607,263.0,0.0013698630136986301,,,,,
2026-08-20 13:39:00,3.4,3.4,3.4,3.4,7,607,263.0,0.0013698630136986301,,,,,
2026-08-20 13:40:00,3.3,3.4,3.3,3.4,9,610,263.0,0.0013698630136986301,,,,,
2026-08-20 13:41:00,3.45,3.5,3.45,3.45,5,610,263.0,0.0013698630136986301,,,,,
2026-08-20 13:42:00,3.5,3.5,3.5,3.5,9,611,263.0,0.0013698630136986301,,,,,
2026-08-20 13:43:00,3.55,3.55,3.45,3.45,3,611,263.0,0.0013698630136986301,,,,,
2026-08-20 13:44:00,3.4,3.4,3.4,3.4,2,611,263.0,0.0013698630136986301,,,,,
2026-08-20 13:45:00,3.45,3.45,3.3,3.3,29,616,263.0,0.0013698630136986301,,,,,
2026-08-20 13:46:00,3.3,3.3,3.3,3.3,0,616,263.0,0.0013698630136986301,,,,,
2026-08-20 13:47:00,3.25,3.25,3.25,3.25,8,611,263.0,0.0013698630136986301,,,,,
2026-08-20 13:48:00,3.25,3.25,3.15,3.15,3,616,263.0,0.0013698630136986301,,,,,
2026-08-20 13:49:00,3.15,3.15,3.1,3.1,11,616,263.0,0.0013698630136986301,,,,,
2026-08-20 13:50:00,3.05,3.05,3.0,3.0,9,616,263.0,0.0013698630136986301,,,,,
2026-08-20 13:51:00,2.85,3.0,2.85,3.0,22,618,263.0,0.0013698630136986301,,,,,
2026-08-20 13:52:00,3.0,3.0,3.0,3.0,0,618,263.0,0.0013698630136986301,,,,,
2026-08-20 13:53:00,2.9,2.9,2.85,2.85,4,619,263.5,0.0013698630136986301,,,,,
2026-08-20 13:54:00,2.8,2.8,2.8,2.8,2,618,263.5,0.0013698630136986301,,,,,
2026-08-20 13:55:00,2.8,2.85,2.8,2.85,4,619,263.5,0.0013698630136986301,,,,,
2026-08-20 13:56:00,2.85,2.85,2.85,2.85,0,619,263.5,0.0013698630136986301,,,,,
2026-08-20 13:57:00,2.55,2.7,2.55,2.65,11,616,263.5,0.0013698630136986301,,,,,
2026-08-20 13:58:00,2.6,2.6,2.6,2.6,5,616,263.5,0.0013698630136986301,,,,,
2026-08-20 13:59:00,2.65,2.65,2.65,2.65,6,617,263.5,0.0013698630136986301,,,,,
2026-08-20 14:00:00,2.7,2.7,2.7,2.7,4,617,263.5,0.0013698630136986301,,,,,
2026-08-20 14:01:00,2.7,2.7,2.7,2.7,0,617,263.5,0.0013698630136986301,,,,,
2026-08-20 14:02:00,2.7,2.75,2.7,2.75,6,614,263.5,0.0013698630136986301,,,,,
2026-08-20 14:03:00,2.85,2.9,2.85,2.9,3,616,263.5,0.0013698630136986301,,,,,
2026-08-20 14:04:00,2.95,2.95,2.95,2.95,7,616,263.5,0.0013698630136986301,,,,,
2026-08-20 14:05:00,2.75,2.75,2.7,2.7,6,617,263.5,0.0013698630136986301,,,,,
2026-08-20 14:06:00,2.6,2.6,2.45,2.45,28,611,263.5,0.0013698630136986301,,,,,
2026-08-20 14:07:00,2.45,2.45,2.45,2.45,0,611,263.5,0.0013698630136986301,,,,,
2026-08-20 14:08:00,2.45,2.5,2.4,2.5,46,618,263.5,0.0013698630136986301,,,,,
2026-08-20 14:09:00,2.4,2.5,2.4,2.5,2,618,263.5,0.0013698630136986301,,,,,
2026-08-20 14:10:00,2.5,2.5,2.5,2.5,0,618,263.5,0.0013698630136986301,,,,,
2026-08-20 14:11:00,2.5,2.5,2.5,2.5,0,618,263.5,0.0013698630136986301,,,,,
2026-08-20 14:12:00,2.5,2.5,2.5,2.5,4,617,263.5,0.0013698630136986301,,,,,
2026-08-20 14:13:00,2.5,2.5,2.5,2.5,0,617,263.5,0.0013698630136986301,,,,,
2026-08-20 14:14:00,2.5,2.5,2.5,2.5,0,617,263.5,0.0013698630136986301,,,,,
2026-08-20 14:15:00,2.45,2.45,2.35,2.35,18,613,263.5,0.0013698630136986301,,,,,
2026-08-20 14:16:00,2.3,2.3,2.2,2.2,16,603,263.5,0.0013698630136986301,,,,,
2026-08-20 14:17:00,2.25,2.3,2.2,2.3,32,614,263.5,0.0013698630136986301,,,,,
2026-08-20 14:18:00,2.25,2.3,2.25,2.3,4,617,263.5,0.0013698630136986301,,,,,
2026-08-20 14:19:00,2.3,2.4,2.3,2.35,26,639,263.5,0.0013698630136986301,,,,,
2026-08-20 14:20:00,2.35,2.35,2.35,2.35,3,639,263.5,0.0013698630136986301,,,,,
2026-08-20 14:21:00,2.35,2.35,2.3,2.3,12,637,263.5,0.0013698630136986301,,,,,
2026-08-20 14:22:00,2.3,2.3,2.3,2.3,4,638,263.5,0.0013698630136986301,,,,,
2026-08-20 14:23:00,2.35,2.35,2.35,2.35,6,634,263.5,0.0013698630136986301,,,,,
2026-08-20 14:24:00,2.3,2.3,2.3,2.3,1,640,263.5,0.0013698630136986301,,,,,
2026-08-20 14:25:00,2.3,2.3,2.3,2.3,0,640,263.5,0.0013698630136986301,,,,,
2026-08-20 14:26:00,2.3,2.3,2.3,2.3,18,641,263.5,0.0013698630136986301,,,,,
2026-08-20 14:27:00,2.25,2.3,2.25,2.3,32,633,263.5,0.0013698630136986301,,,,,
2026-08-20 14:28:00,2.4,2.4,2.4,2.4,14,633,263.5,0.0013698630136986301,,,,,
2026-08-20 14:29:00,2.4,2.6,2.4,2.55,33,644,263.5,0.0013698630136986301,,,,,
2026-08-20 14:30:00,2.5,2.5,2.45,2.5,9,670,263.5,0.0013698630136986301,,,,,
2026-08-20 14:31:00,2.55,2.55,2.55,2.55,3,670,263.5,0.0013698630136986301,,,,,
2026-08-20 14:32:00,2.55,2.55,2.55,2.55,1,675,263.5,0.0013698630136986301,,,,,
2026-08-20 14:33:00,2.5,2.55,2.5,2.55,29,678,263.5,0.0013698630136986301,,,,,
2026-08-20 14:34:00,2.55,2.55,2.55,2.55,6,676,263.5,0.0013698630136986301,,,,,
2026-08-20 14:35:00,2.6,2.75,2.6,2.75,41,682,263.5,0.0013698630136986301,,,,,
2026-08-20 14:36:00,2.65,2.8,2.65,2.8,13,680,263.5,0.0013698630136986301,,,,,
2026-08-20 14:37:00,2.6,2.6,2.6,2.6,10,680,263.5,0.0013698630136986301,,,,,
2026-08-20 14:38:00,2.6,2.6,2.6,2.6,0,680,263.5,0.0013698630136986301,,,,,
2026-08-20 14:39:00,2.6,2.6,2.6,2.6,1,680,263.5,0.0013698630136986301,,,,,
2026-08-20 14:40:00,2.95,2.95,2.95,2.95,20,682,263.5,0.0013698630136986301,,,,,
2026-08-20 14:41:00,2.6,2.6,2.6,2.6,5,662,263.5,0.0013698630136986301,,,,,
2026-08-20 14:42:00,2.55,2.55,2.5,2.5,17,672,263.5,0.0013698630136986301,,,,,
2026-08-20 14:43:00,2.45,2.45,2.4,2.4,11,668,263.5,0.0013698630136986301,,,,,
2026-08-20 14:44:00,2.45,2.5,2.4,2.4,31,669,263.5,0.0013698630136986301,,,,,
2026-08-20 14:45:00,2.45,2.45,2.35,2.35,13,669,263.5,0.0013698630136986301,,,,,
2026-08-20 14:46:00,2.5,2.55,2.5,2.55,32,670,263.5,0.0013698630136986301,,,,,
2026-08-20 14:47:00,2.55,2.55,2.55,2.55,0,670,263.5,0.0013698630136986301,,,,,
2026-08-20 14:48:00,2.55,2.55,2.55,2.55,0,670,263.5,0.0013698630136986301,,,,,
2026-08-20 14:49:00,2.55,2.55,2.55,2.55,0,670,263.5,0.0013698630136986301,,,,,
2026-08-20 14:50:00,2.55,2.55,2.55,2.55,0,670,263.5,0.0013698630136986301,,,,,
2026-08-20 14:51:00,2.4,2.4,2.4,2.4,6,670,263.5,0.0013698630136986301,,,,,
2026-08-20 14:52:00,2.4,2.4,2.4,2.4,2,679,263.5,0.0013698630136986301,,,,,
2026-08-20 14:53:00,2.4,2.4,2.4,2.4,8,678,263.5,0.0013698630136986301,,,,,
2026-08-20 14:54:00,2.35,2.35,2.35,2.35,1,674,263.5,0.0013698630136986301,,,,,
2026-08-20 14:55:00,2.35,2.35,2.35,2.35,0,674,263.5,0.0013698630136986301,,,,,
2026-08-20 14:56:00,2.4,2.4,2.4,2.4,1,674,263.5,0.0013698630136986301,,,,,
2026-08-20 14:57:00,2.35,2.55,2.35,2.55,41,669,263.5,0.0013698630136986301,,,,,
2026-08-20 14:58:00,2.45,2.45,2.4,2.4,27,669,263.5,0.0013698630136986301,,,,,
2026-08-20 14:59:00,2.4,2.4,2.4,2.4,25,654,263.5,0.0013698630136986301,,,,,
2026-08-20 15:00:00,2.35,2.35,2.3,2.3,10,646,263.5,0.0013698630136986301,,,,,
2026-08-20 15:01:00,2.4,2.4,2.4,2.4,25,648,263.5,0.0013698630136986301,,,,,
2026-08-20 15:02:00,2.4,2.4,2.4,2.4,0,648,263.5,0.0013698630136986301,,,,,
2026-08-20 15:03:00,2.4,2.4,2.4,2.4,0,648,263.5,0.0013698630136986301,,,,,
2026-08-20 15:04:00,2.45,2.45,2.45,2.45,1,651,263.5,0.0013698630136986301,,,,,
2026-08-20 15:05:00,2.4,2.4,2.4,2.4,12,652,263.5,0.0013698630136986301,,,,,
2026-08-20 15:06:00,2.35,2.35,2.3,2.3,11,652,263.5,0.0013698630136986301,,,,,
2026-08-20 15:07:00,2.3,2.3,2.3,2.3,0,652,263.5,0.0013698630136986301,,,,,
2026-08-20 15:08:00,2.3,2.35,2.3,2.35,14,647,263.5,0.0013698630136986301,,,,,
2026-08-20 15:09:00,2.35,2.35,2.35,2.35,0,647,263.5,0.0013698630136986301,,,,,
2026-08-20 15:10:00,2.25,2.25,2.25,2.25,13,661,263.5,0.0013698630136986301,,,,,
2026-08-20 15:11:00,2.25,2.25,2.25,2.25,0,661,263.5,0.0013698630136986301,,,,,
2026-08-20 15:12:00,2.2,2.35,2.2,2.35,30,645,263.5,0.0013698630136986301,,,,,
2026-08-20 15:13:00,2.35,2.35,2.35,2.35,0,645,263.5,0.0013698630136986301,,,,,
2026-08-20 15:14:00,2.35,2.4,2.35,2.4,11,664,263.5,0.0013698630136986301,,,,,
2026-08-20 15:15:00,2.4,2.4,2.4,2.4,0,664,263.5,0.0013698630136986301,,,,,
2026-08-20 15:16:00,2.4,2.4,2.4,2.4,5,668,263.5,0.0013698630136986301,,,,,
2026-08-20 15:17:00,2.4,2.4,2.4,2.4,0,668,263.5,0.0013698630136986301,,,,,
2026-08-20 15:18:00,2.4,2.4,2.4,2.4,0,668,263.5,0.0013698630136986301,,,,,
2026-08-20 15:19:00,2.4,2.4,2.35,2.35,54,668,263.5,0.0013698630136986301,,,,,
2026-08-20 15:20:00,2.4,2.45,2.4,2.45,7,668,263.5,0.0013698630136986301,,,,,
2026-08-20 15:21:00,2.5,2.5,2.5,2.5,32,670,263.5,0.0013698630136986301,,,,,
2026-08-20 15:22:00,2.45,2.45,2.45,2.45,25,671,263.5,0.0013698630136986301,,,,,
2026-08-20 15:23:00,2.45,2.45,2.45,2.45,1,673,263.5,0.0013698630136986301,,,,,
2026-08-20 15:24:00,2.45,2.45,2.45,2.45,0,673,263.5,0.0013698630136986301,,,,,
2026-08-20 15:25:00,2.45,2.45,2.45,2.45,0,673,263.5,0.0013698630136986301,,,,,
2026-08-20 15:26:00,2.5,2.6,2.5,2.55,26,681,263.5,0.0013698630136986301,,,,,
2026-08-20 15:27:00,2.55,2.55,2.55,2.55,0,681,263.5,0.0013698630136986301,,,,,
2026-08-20 15:28:00,2.55,2.55,2.55,2.55,0,681,263.5,0.0013698630136986301,,,,,
2026-08-20 15:29:00,2.5,2.5,2.5,2.5,1,681,263.5,0.0013698630136986301,,,,,
2026-08-20 15:30:00,2.5,2.5,2.5,2.5,4,681,263.5,0.0013698630136986301,,,,,
2026-08-20 15:31:00,2.5,2.5,2.5,2.5,0,681,263.5,0.0013698630136986301,,,,,
2026-08-20 15:32:00,2.6,2.6,2.45,2.45,52,676,263.5,0.0013698630136986301,,,,,
2026-08-20 15:33:00,2.5,2.5,2.4,2.4,2,676,263.5,0.0013698630136986301,,,,,
2026-08-20 15:34:00,2.4,2.45,2.4,2.45,20,677,263.5,0.0013698630136986301,,,,,
2026-08-20 15:35:00,2.5,2.5,2.5,2.5,3,694,264.8,0.0013698630136986301,,,,,
2026-08-20 15:36:00,2.45,2.45,2.45,2.45,2,697,264.8,0.0013698630136986301,,,,,
2026-08-20 15:37:00,2.5,2.5,2.5,2.5,4,697,264.8,0.0013698630136986301,,,,,
2026-08-20 15:38:00,2.5,2.5,2.45,2.45,57,702,264.8,0.0013698630136986301,,,,,
2026-08-20 15:39:00,2.45,2.45,2.4,2.4,28,739,264.8,0.0013698630136986301,,,,,
2026-08-20 15:40:00,2.35,2.5,2.35,2.5,91,734,264.5,0.0013698630136986301,,,,,
2026-08-20 15:41:00,2.45,2.5,2.45,2.5,149,759,264.5,0.0013698630136986301,,,,,
2026-08-20 15:42:00,2.5,2.5,2.45,2.5,35,762,264.5,0.0013698630136986301,,,,,
2026-08-20 15:43:00,2.4,2.4,2.35,2.35,12,761,264.5,0.0013698630136986301,,,,,
2026-08-20 15:44:00,2.35,2.65,2.35,2.6,52,774,264.5,0.0013698630136986301,,,,,
2026-08-20 15:45:00,2.5,2.5,2.4,2.4,38,776,264.5,0.0013698630136986301,,,,,
2026-08-20 15:46:00,2.4,2.4,2.4,2.4,56,777,264.5,0.0013698630136986301,,,,,
2026-08-20 15:47:00,2.4,2.45,2.4,2.45,130,782,264.5,0.0013698630136986301,,,,,
2026-08-20 15:48:00,2.45,2.5,2.45,2.5,18,796,264.5,0.0013698630136986301,,,,,
2026-08-20 15:49:00,2.55,2.6,2.55,2.55,17,805,264.5,0.0013698630136986301,,,,,
2026-08-20 15:50:00,2.55,2.6,2.5,2.6,13,805,264.5,0.0013698630136986301,,,,,
2026-08-20 15:51:00,2.6,2.65,2.6,2.65,15,805,264.0,0.0013698630136986301,,,,,
2026-08-20 15:52:00,2.65,2.75,2.65,2.75,29,814,264.0,0.0013698630136986301,,,,,
2026-08-20 15:53:00,2.8,2.85,2.8,2.8,14,822,264.0,0.0013698630136986301,,,,,
2026-08-20 15:54:00,2.8,2.9,2.8,2.85,99,829,264.0,0.0013698630136986301,,,,,
2026-08-20 15:55:00,2.85,2.9,2.85,2.9,59,835,264.0,0.0013698630136986301,,,,,
2026-08-20 15:56:00,2.9,2.9,2.85,2.85,87,826,264.0,0.0013698630136986301,,,,,
2026-08-20 15:57:00,3.0,3.0,2.85,2.9,140,792,264.0,0.0013698630136986301,,,,,
2026-08-20 15:58:00,2.9,2.9,2.75,2.75,13,792,264.0,0.0013698630136986301,,,,,
2026-08-20 15:59:00,2.75,2.85,2.75,2.8,12,781,264.0,0.0013698630136986301,,,,,
2026-08-20 16:00:00,2.75,2.75,2.65,2.65,11,788,264.0,0.0013698630136986301,,,,,
2026-08-20 16:01:00,2.7,2.8,2.65,2.8,15,793,264.0,0.0013698630136986301,,,,,
2026-08-20 16:02:00,2.8,2.8,2.75,2.75,2,793,264.0,0.0013698630136986301,,,,,
2026-08-20 16:03:00,2.8,2.9,2.8,2.9,18,806,264.0,0.0013698630136986301,,,,,
2026-08-20 16:04:00,2.9,2.9,2.85,2.85,178,806,264.0,0.0013698630136986301,,,,,
2026-08-20 16:05:00,2.75,2.75,2.75,2.75,66,818,264.0,0.0013698630136986301,,,,,
2026-08-20 16:06:00,2.75,3.0,2.75,3.0,18,825,264.0,0.0013698630136986301,,,,,
2026-08-20 16:07:00,2.95,3.0,2.95,3.0,12,830,264.0,0.0013698630136986301,,,,,
2026-08-20 16:08:00,3.0,3.0,2.95,2.95,16,830,264.0,0.0013698630136986301,,,,,
2026-08-20 16:09:00,2.95,3.0,2.85,2.95,20,840,264.0,0.0013698630136986301,,,,,
2026-08-20 16:10:00,2.9,2.9,2.85,2.85,22,844,264.0,0.0013698630136986301,,,,,
2026-08-20 16:11:00,2.8,2.8,2.75,2.75,12,846,264.0,0.0013698630136986301,,,,,
2026-08-20 16:12:00,2.7,2.7,2.7,2.7,5,849,264.0,0.0013698630136986301,,,,,
2026-08-20 16:13:00,2.7,2.75,2.7,2.7,57,853,264.0,0.0013698630136986301,,,,,
2026-08-20 16:14:00,2.7,2.75,2.7,2.7,8,858,264.0,0.0013698630136986301,,,,,
2026-08-20 16:15:00,2.7,2.7,2.6,2.6,23,867,264.0,0.0013698630136986301,,,,,
2026-08-20 16:16:00,2.6,2.6,2.5,2.6,106,882,264.0,0.0013698630136986301,,,,,
2026-08-20 16:17:00,2.5,2.6,2.5,2.55,28,931,264.0,0.0013698630136986301,,,,,
2026-08-20 16:18:00,2.5,2.55,2.5,2.55,13,931,264.0,0.0013698630136986301,,,,,
2026-08-20 16:19:00,2.55,2.65,2.55,2.6,12,935,264.0,0.0013698630136986301,,,,,
2026-08-20 16:20:00,2.55,2.6,2.55,2.55,16,944,264.0,0.0013698630136986301,,,,,
2026-08-20 16:21:00,2.5,2.5,2.3,2.3,137,935,264.0,0.0013698630136986301,,,,,
2026-08-20 16:22:00,2.4,2.4,2.3,2.35,44,956,264.0,0.0013698630136986301,,,,,
2026-08-20 16:23:00,2.35,2.35,2.3,2.3,188,940,264.0,0.0013698630136986301,,,,,
2026-08-20 16:24:00,2.3,2.3,2.25,2.25,8,946,264.0,0.0013698630136986301,,,,,
2026-08-20 16:25:00,2.25,2.3,2.2,2.3,70,951,264.0,0.0013698630136986301,,,,,
2026-08-20 16:26:00,2.35,2.35,2.25,2.25,11,995,264.0,0.0013698630136986301,,,,,
2026-08-20 16:27:00,2.2,2.2,1.95,2.0,111,997,264.0,0.0013698630136986301,,,,,
2026-08-20 16:28:00,2.05,2.05,1.95,2.05,144,1002,264.0,0.0013698630136986301,,,,,
2026-08-20 16:29:00,2.05,2.15,2.05,2.15,26,1046,264.0,0.0013698630136986301,,,,,
2026-08-20 16:30:00,2.25,2.3,2.2,2.2,87,1049,264.0,0.0013698630136986301,,,,,
2026-08-20 16:31:00,2.2,2.3,2.2,2.3,64,1049,264.0,0.0013698630136986301,,,,,
2026-08-20 16:32:00,2.3,2.4,2.3,2.35,26,1064,264.0,0.0013698630136986301,,,,,
2026-08-20 16:33:00,2.35,2.35,2.15,2.35,92,1062,264.0,0.0013698630136986301,,,,,
2026-08-20 16:34:00,2.4,2.4,2.3,2.35,57,1076,264.0,0.0013698630136986301,,,,,
2026-08-20 16:35:00,2.3,2.5,2.3,2.45,65,1068,264.0,0.0013698630136986301,,,,,
2026-08-20 16:36:00,2.45,2.45,2.3,2.3,71,1096,264.0,0.0013698630136986301,,,,,
2026-08-20 16:37:00,2.35,2.5,2.3,2.5,33,1087,264.0,0.0013698630136986301,,,,,
2026-08-20 16:38:00,2.45,2.45,2.35,2.45,46,1095,264.0,0.0013698630136986301,,,,,
2026-08-20 16:39:00,2.45,2.6,2.4,2.6,65,1107,264.0,0.0013698630136986301,,,,,
2026-08-20 16:40:00,2.6,2.65,2.55,2.6,77,1133,264.0,0.0013698630136986301,,,,,
2026-08-20 16:41:00,2.7,2.8,2.65,2.8,86,1144,264.0,0.0013698630136986301,,,,,
2026-08-20 16:42:00,2.8,2.8,2.7,2.7,54,1157,264.0,0.0013698630136986301,,,,,
2026-08-20 16:43:00,2.7,2.75,2.55,2.55,59,1159,264.0,0.0013698630136986301,,,,,
2026-08-20 16:44:00,2.6,2.6,2.5,2.5,24,1140,264.0,0.0013698630136986301,,,,,
2026-08-20 16:45:00,2.6,2.6,2.25,2.3,150,1143,264.0,0.0013698630136986301,,,,,
2026-08-20 16:46:00,2.35,2.4,2.3,2.4,40,1124,264.0,0.0013698630136986301,,,,,
2026-08-20 16:47:00,2.45,2.45,2.4,2.4,20,1136,264.0,0.0013698630136986301,,,,,
2026-08-20 16:48:00,2.4,2.45,2.35,2.35,15,1133,264.0,0.0013698630136986301,,,,,
2026-08-20 16:49:00,2.45,2.5,2.4,2.5,56,1137,264.0,0.0013698630136986301,,,,,
2026-08-20 16:50:00,2.5,2.5,2.45,2.45,4,1146,264.0,0.0013698630136986301,,,,,
2026-08-20 16:51:00,2.5,2.5,2.4,2.45,18,1144,264.0,0.0013698630136986301,,,,,
2026-08-20 16:52:00,2.45,2.45,2.45,2.45,0,1144,264.0,0.0013698630136986301,,,,,
2026-08-20 16:53:00,2.45,2.45,2.35,2.45,72,1138,264.0,0.0013698630136986301,,,,,
2026-08-20 16:54:00,2.45,2.45,2.45,2.45,4,1146,264.0,0.0013698630136986301,,,,,
2026-08-20 16:55:00,2.4,2.5,2.4,2.4,13,1145,264.0,0.0013698630136986301,,,,,
2026-08-20 16:56:00,2.5,2.5,2.4,2.4,17,1143,264.0,0.0013698630136986301,,,,,
2026-08-20 16:57:00,2.4,2.5,2.4,2.4,16,1145,264.0,0.0013698630136986301,,,,,
2026-08-20 16:58:00,2.4,2.45,2.35,2.4,103,1151,264.0,0.0013698630136986301,,,,,
2026-08-20 16:59:00,2.35,2.45,2.3,2.45,56,1146,264.0,0.0013698630136986301,,,,,
2026-08-20 17:00:00,2.4,2.4,2.4,2.4,7,1147,264.0,0.0013698630136986301,,,,,
2026-08-20 17:01:00,2.4,2.45,2.4,2.45,5,1147,264.0,0.0013698630136986301,,,,,
2026-08-20 17:02:00,2.4,2.4,2.2,2.35,61,1136,264.0,0.0013698630136986301,,,,,
2026-08-20 17:03:00,2.35,2.4,2.35,2.4,12,1140,264.0,0.0013698630136986301,,,,,
2026-08-20 17:04:00,2.5,2.55,2.4,2.4,89,1163,264.0,0.0013698630136986301,,,,,
2026-08-20 17:05:00,2.35,2.35,2.3,2.35,13,1163,264.0,0.0013698630136986301,,,,,
2026-08-20 17:06:00,2.35,2.35,1.85,2.0,213,1141,264.0,0.0013698630136986301,,,,,
2026-08-20 17:07:00,2.0,2.1,2.0,2.1,26,1149,264.0,0.0013698630136986301,,,,,
2026-08-20 17:08:00,2.05,2.05,2.05,2.05,25,1149,264.0,0.0013698630136986301,,,,,
2026-08-20 17:09:00,2.1,2.1,2.0,2.05,82,1159,264.0,0.0013698630136986301,,,,,
2026-08-20 17:10:00,2.05,2.1,1.95,2.05,183,1278,264.0,0.0013698630136986301,,,,,
2026-08-20 17:11:00,2.0,2.1,2.0,2.05,90,1326,264.0,0.0013698630136986301,,,,,
2026-08-20 17:12:00,2.05,2.05,1.9,1.95,318,1346,264.0,0.0013698630136986301,,,,,
2026-08-20 17:13:00,1.95,2.1,1.95,2.05,47,1374,264.0,0.0013698630136986301,,,,,
2026-08-20 17:14:00,2.05,2.15,2.05,2.15,67,1383,264.0,0.0013698630136986301,,,,,
2026-08-20 17:15:00,2.15,2.55,1.9,2.55,340,1398,264.9,0.0013698630136986301,,,,,
2026-08-20 17:16:00,2.5,3.05,2.5,2.75,248,1296,263.6,0.0013698630136986301,,,,,
2026-08-20 17:17:00,2.9,2.9,2.8,2.8,65,1279,263.6,0.0013698630136986301,,,,,
2026-08-20 17:18:00,2.85,2.85,2.8,2.8,36,1287,263.6,0.0013698630136986301,,,,,
2026-08-20 17:19:00,2.75,2.8,2.6,2.65,68,1294,263.6,0.0013698630136986301,,,,,
2026-08-20 17:20:00,2.5,2.75,2.4,2.6,135,1279,263.6,0.0013698630136986301,,,,,
2026-08-20 17:21:00,2.4,2.45,2.25,2.25,175,1237,263.6,0.0013698630136986301,,,,,
2026-08-20 17:22:00,2.35,2.4,2.35,2.4,57,1239,266.0,0.0013698630136986301,,,,,
2026-08-20 17:23:00,2.4,2.5,2.4,2.5,24,1241,264.8,0.0013698630136986301,,,,,
2026-08-20 17:24:00,2.5,2.55,2.45,2.5,33,1266,264.7,0.0013698630136986301,,,,,
2026-08-20 17:25:00,2.5,2.5,2.35,2.35,78,1271,264.7,0.0013698630136986301,,,,,
2026-08-20 17:26:00,2.35,2.35,2.3,2.35,27,1266,264.7,0.0013698630136986301,,,,,
2026-08-20 17:27:00,2.3,2.35,1.85,1.95,374,1270,264.7,0.0013698630136986301,,,,,
2026-08-20 17:28:00,1.95,2.05,1.95,2.05,96,1363,264.7,0.0013698630136986301,,,,,
2026-08-20 17:29:00,2.0,2.0,1.85,1.85,109,1403,264.7,0.0013698630136986301,,,,,
2026-08-20 17:30:00,1.95,2.1,1.9,2.05,141,1440,264.7,0.0013698630136986301,,,,,
2026-08-20 17:31:00,2.15,2.35,2.0,2.3,227,1357,264.7,0.0013698630136986301,,,,,
2026-08-20 17:32:00,2.25,2.4,2.15,2.15,239,1345,264.7,0.0013698630136986301,,,,,
2026-08-20 17:33:00,2.1,2.2,2.1,2.15,92,1382,264.7,0.0013698630136986301,,,,,
2026-08-20 17:34:00,2.15,2.15,1.95,2.15,166,1452,265.0,0.0013698630136986301,,,,,
2026-08-20 17:35:00,2.15,2.3,2.15,2.3,197,1493,265.0,0.0013698630136986301,,,,,
2026-08-20 17:36:00,2.45,2.45,2.35,2.45,335,1345,265.0,0.0013698630136986301,,,,,
2026-08-20 17:37:00,2.4,2.4,2.3,2.3,137,1340,265.0,0.0013698630136986301,,,,,
2026-08-20 17:38:00,2.3,2.45,2.3,2.4,72,1334,265.0,0.0013698630136986301,,,,,
2026-08-20 17:39:00,2.25,2.35,2.25,2.3,44,1345,265.0,0.0013698630136986301,,,,,
2026-08-20 17:40:00,2.35,2.5,2.3,2.45,49,1344,265.0,0.0013698630136986301,,,,,
2026-08-20 17:41:00,2.45,2.6,2.45,2.45,52,1355,265.0,0.0013698630136986301,,,,,
2026-08-20 17:42:00,2.5,2.55,2.35,2.55,31,1357,265.0,0.0013698630136986301,,,,,
2026-08-20 17:43:00,2.5,2.55,2.5,2.5,14,1361,265.0,0.0013698630136986301,,,,,
2026-08-20 17:44:00,2.55,2.55,2.3,2.3,68,1363,265.0,0.0013698630136986301,,,,,
2026-08-20 17:45:00,2.3,2.4,2.2,2.2,39,1362,265.0,0.0013698630136986301,,,,,
2026-08-20 17:46:00,2.25,2.3,2.25,2.3,3,1362,265.0,0.0013698630136986301,,,,,
2026-08-20 17:47:00,2.35,2.4,2.15,2.4,96,1357,265.0,0.0013698630136986301,,,,,
2026-08-20 17:48:00,2.4,2.55,2.4,2.55,84,1360,265.0,0.0013698630136986301,,,,,
2026-08-20 17:49:00,2.6,2.6,2.4,2.45,90,1370,265.0,0.0013698630136986301,,,,,
2026-08-20 17:50:00,2.4,2.45,2.25,2.45,37,1380,264.2,0.0013698630136986301,,,,,
2026-08-20 17:51:00,2.35,2.4,2.2,2.35,49,1385,264.2,0.0013698630136986301,,,,,
2026-08-20 17:52:00,2.3,2.4,2.3,2.35,70,1368,264.2,0.0013698630136986301,,,,,
2026-08-20 17:53:00,2.25,2.3,2.05,2.15,62,1387,264.2,0.0013698630136986301,,,,,
2026-08-20 17:54:00,2.25,2.3,2.15,2.2,73,1406,264.2,0.0013698630136986301,,,,,
2026-08-20 17:55:00,2.15,2.15,2.0,2.05,122,1440,264.2,0.0013698630136986301,,,,,
2026-08-20 17:56:00,2.1,2.2,2.1,2.2,71,1444,264.2,0.0013698630136986301,,,,,
2026-08-20 17:57:00,2.05,2.3,2.05,2.3,28,1453,264.2,0.0013698630136986301,,,,,
2026-08-20 17:58:00,2.35,2.5,2.35,2.45,124,1441,264.2,0.0013698630136986301,,,,,
2026-08-20 17:59:00,2.45,2.5,2.4,2.45,14,1438,264.2,0.0013698630136986301,,,,,
2026-08-20 18:00:00,2.45,2.45,2.3,2.35,33,1444,264.2,0.0013698630136986301,,,,,
2026-08-20 18:01:00,2.35,2.35,2.2,2.25,73,1442,264.2,0.0013698630136986301,,,,,
2026-08-20 18:02:00,2.35,2.35,2.2,2.3,30,1435,264.2,0.0013698630136986301,,,,,
2026-08-20 18:03:00,2.2,2.3,2.2,2.25,30,1459,264.2,0.0013698630136986301,,,,,
2026-08-20 18:04:00,2.25,2.25,2.25,2.25,0,1459,264.2,0.0013698630136986301,,,,,
2026-08-20 18:05:00,2.3,2.45,2.3,2.45,40,1470,264.2,0.0013698630136986301,,,,,
2026-08-20 18:06:00,2.35,2.4,2.35,2.4,37,1438,264.2,0.0013698630136986301,,,,,
2026-08-20 18:07:00,2.4,2.45,2.4,2.4,12,1434,264.2,0.0013698630136986301,,,,,
2026-08-20 18:08:00,2.4,2.5,2.4,2.45,79,1439,264.2,0.0013698630136986301,,,,,
2026-08-20 18:09:00,2.45,2.6,2.45,2.55,295,1435,264.0,0.0013698630136986301,,,,,
2026-08-20 18:10:00,2.6,2.7,2.55,2.65,100,1435,264.0,0.0013698630136986301,,,,,
2026-08-20 18:11:00,2.6,2.6,2.45,2.45,132,1427,264.0,0.0013698630136986301,,,,,
2026-08-20 18:12:00,2.4,2.4,2.35,2.4,31,1431,264.0,0.0013698630136986301,,,,,
2026-08-20 18:13:00,2.3,2.3,2.1,2.2,70,1419,264.0,0.0013698630136986301,,,,,
2026-08-20 18:14:00,2.15,2.2,2.1,2.1,85,1455,264.0,0.0013698630136986301,,,,,
2026-08-20 18:15:00,2.05,2.2,2.0,2.2,81,1455,264.0,0.0013698630136986301,,,,,
2026-08-20 18:16:00,2.15,2.15,2.05,2.1,66,1474,264.0,0.0013698630136986301,,,,,
2026-08-20 18:17:00,2.1,2.1,2.0,2.05,152,1478,264.0,0.0013698630136986301,,,,,
2026-08-20 18:18:00,2.0,2.0,1.9,1.95,98,1494,264.0,0.0013698630136986301,,,,,
2026-08-20 18:19:00,1.9,1.95,1.9,1.95,74,1477,264.0,0.0013698630136986301,,,,,
2026-08-20 18:20:00,1.95,1.95,1.85,1.9,51,1484,264.0,0.0013698630136986301,,,,,
2026-08-20 18:21:00,1.85,2.1,1.85,2.05,99,1489,264.0,0.0013698630136986301,,,,,
2026-08-20 18:22:00,2.2,2.4,2.1,2.4,288,1490,264.0,0.0013698630136986301,,,,,
2026-08-20 18:23:00,2.3,2.4,2.25,2.25,142,1447,264.0,0.0013698630136986301,,,,,
2026-08-20 18:24:00,2.25,2.45,2.25,2.4,199,1455,264.0,0.0013698630136986301,,,,,
2026-08-20 18:25:00,2.45,2.5,2.4,2.45,54,1430,264.0,0.0013698630136986301,,,,,
2026-08-20 18:26:00,2.4,2.9,2.3,2.85,214,1447,264.0,0.0013698630136986301,,,,,
2026-08-20 18:27:00,2.9,2.9,2.7,2.85,131,1422,264.0,0.0013698630136986301,,,,,
2026-08-20 18:28:00,2.85,2.95,2.8,2.8,57,1426,264.0,0.0013698630136986301,,,,,
2026-08-20 18:29:00,2.85,2.95,2.8,2.8,89,1433,264.0,0.0013698630136986301,,,,,
2026-08-20 18:30:00,3.0,3.0,2.5,2.6,389,1415,264.0,0.0013698630136986301,,,,,
2026-08-20 18:31:00,2.6,2.6,2.25,2.3,212,1425,264.0,0.0013698630136986301,,,,,
2026-08-20 18:32:00,2.3,2.3,2.2,2.25,73,1432,264.0,0.0013698630136986301,,,,,
2026-08-20 18:33:00,2.2,2.4,2.15,2.3,84,1432,264.0,0.0013698630136986301,,,,,
2026-08-20 18:34:00,2.35,2.35,2.15,2.25,100,1455,264.0,0.0013698630136986301,,,,,
2026-08-20 18:35:00,2.25,2.25,2.2,2.25,67,1468,264.0,0.0013698630136986301,,,,,
2026-08-20 18:36:00,2.35,2.35,2.15,2.2,60,1450,264.0,0.0013698630136986301,,,,,
2026-08-20 18:37:00,2.2,2.35,1.95,2.05,255,1468,264.0,0.0013698630136986301,,,,,
2026-08-20 18:38:00,2.3,2.3,2.25,2.3,133,1464,264.0,0.0013698630136986301,,,,,
2026-08-20 18:39:00,2.3,2.35,2.2,2.25,137,1482,264.0,0.0013698630136986301,,,,,
2026-08-20 18:40:00,1.9,2.2,1.9,2.2,211,1489,264.0,0.0013698630136986301,,,,,
2026-08-20 18:41:00,2.3,2.3,2.2,2.2,42,1495,264.0,0.0013698630136986301,,,,,
2026-08-20 18:42:00,2.2,2.25,1.95,2.25,218,1481,264.0,0.0013698630136986301,,,,,
2026-08-20 18:43:00,2.25,2.4,2.2,2.35,116,1489,264.1,0.0013698630136986301,,,,,
2026-08-20 18:44:00,2.35,2.45,2.35,2.4,82,1499,264.1,0.0013698630136986301,,,,,
2026-08-20 18:45:00,2.4,2.45,2.35,2.4,19,1497,264.1,0.0013698630136986301,,,,,
2026-08-20 18:46:00,2.35,2.35,2.2,2.3,33,1497,264.1,0.0013698630136986301,,,,,
2026-08-20 18:47:00,2.25,2.25,2.05,2.1,84,1497,264.1,0.0013698630136986301,,,,,
2026-08-20 18:48:00,2.15,2.25,2.1,2.1,51,1479,264.1,0.0013698630136986301,,,,,
2026-08-20 18:49:00,2.1,2.15,2.05,2.1,54,1508,264.1,0.0013698630136986301,,,,,
2026-08-20 18:50:00,2.1,2.15,2.1,2.1,18,1516,264.1,0.0013698630136986301,,,,,
2026-08-20 18:51:00,2.05,2.3,2.05,2.3,193,1523,264.1,0.0013698630136986301,,,,,
2026-08-20 18:52:00,2.2,2.2,2.05,2.1,87,1537,264.1,0.0013698630136986301,,,,,
2026-08-20 18:53:00,2.1,2.1,2.05,2.05,20,1535,264.1,0.0013698630136986301,,,,,
2026-08-20 18:54:00,2.1,2.25,2.1,2.1,90,1574,264.1,0.0013698630136986301,,,,,
2026-08-20 18:55:00,2.2,2.2,2.2,2.2,26,1588,264.1,0.0013698630136986301,,,,,
2026-08-20 18:56:00,2.15,2.2,2.05,2.05,76,1597,264.1,0.0013698630136986301,,,,,
2026-08-20 18:57:00,2.1,2.1,2.0,2.1,45,1598,264.1,0.0013698630136986301,,,,,
2026-08-20 18:58:00,2.05,2.1,2.05,2.1,22,1611,264.1,0.0013698630136986301,,,,,
2026-08-20 18:59:00,2.15,2.15,2.05,2.05,30,1621,264.1,0.0013698630136986301,,,,,
2026-08-20 19:00:00,2.0,2.15,2.0,2.1,40,1637,264.1,0.0013698630136986301,,,,,
2026-08-20 19:01:00,2.05,2.05,1.85,1.95,261,1671,264.1,0.0013698630136986301,,,,,
2026-08-20 19:02:00,1.95,2.05,1.9,1.95,87,1730,264.1,0.0013698630136986301,,,,,
2026-08-20 19:03:00,2.0,2.0,1.95,2.0,57,1731,264.1,0.0013698630136986301,,,,,
2026-08-20 19:04:00,2.1,2.25,2.1,2.2,288,1645,264.1,0.0013698630136986301,,,,,
2026-08-20 19:05:00,2.2,2.2,2.1,2.1,72,1619,264.1,0.0013698630136986301,,,,,
2026-08-20 19:06:00,2.15,2.3,2.1,2.25,205,1622,264.1,0.0013698630136986301,,,,,
2026-08-20 19:07:00,2.2,2.25,2.15,2.2,43,1650,264.1,0.0013698630136986301,,,,,
2026-08-20 19:08:00,2.2,2.3,2.2,2.25,117,1654,264.1,0.0013698630136986301,,,,,
2026-08-20 19:09:00,2.3,2.3,2.25,2.25,87,1673,264.1,0.0013698630136986301,,,,,
2026-08-20 19:10:00,2.3,2.3,2.2,2.2,40,1670,264.1,0.0013698630136986301,,,,,
2026-08-20 19:11:00,2.2,2.3,2.2,2.3,24,1675,264.1,0.0013698630136986301,,,,,
2026-08-20 19:12:00,2.25,2.3,2.1,2.15,230,1653,264.1,0.0013698630136986301,,,,,
2026-08-20 19:13:00,2.25,2.3,2.2,2.3,21,1674,264.1,0.0013698630136986301,,,,,
2026-08-20 19:14:00,2.2,2.3,2.2,2.3,66,1671,264.1,0.0013698630136986301,,,,,
2026-08-20 19:15:00,2.25,2.3,2.15,2.3,173,1665,264.1,0.0013698630136986301,,,,,
2026-08-20 19:16:00,2.25,2.35,2.25,2.35,103,1665,264.1,0.0013698630136986301,,,,,
2026-08-20 19:17:00,2.25,2.45,2.15,2.3,196,1667,264.0,0.0013698630136986301,,,,,
2026-08-20 19:18:00,2.3,2.35,2.3,2.3,5,1653,264.0,0.0013698630136986301,,,,,
2026-08-20 19:19:00,2.3,2.3,2.15,2.15,26,1657,264.0,0.0013698630136986301,,,,,
2026-08-20 19:20:00,2.05,2.15,2.0,2.15,201,1644,264.0,0.0013698630136986301,,,,,
2026-08-20 19:21:00,2.2,2.2,2.05,2.05,49,1651,264.2,0.0013698630136986301,,,,,
2026-08-20 19:22:00,2.1,2.1,2.05,2.1,46,1649,264.2,0.0013698630136986301,,,,,
2026-08-20 19:23:00,2.05,2.1,1.9,1.95,170,1640,264.2,0.0013698630136986301,,,,,
2026-08-20 19:24:00,1.95,2.05,1.95,2.0,55,1679,264.2,0.0013698630136986301,,,,,
2026-08-20 19:25:00,2.0,2.05,2.0,2.0,19,1685,264.2,0.0013698630136986301,,,,,
2026-08-20 19:26:00,1.95,2.1,1.95,2.05,81,1688,264.2,0.0013698630136986301,,,,,
2026-08-20 19:27:00,2.05,2.05,2.05,2.05,5,1688,264.2,0.0013698630136986301,,,,,
2026-08-20 19:28:00,2.05,2.1,2.0,2.1,60,1669,264.2,0.0013698630136986301,,,,,
2026-08-20 19:29:00,2.1,2.1,2.05,2.05,30,1668,264.2,0.0013698630136986301,,,,,
2026-08-20 19:30:00,2.05,2.1,2.05,2.1,57,1653,264.2,0.0013698630136986301,,,,,
2026-08-20 19:31:00,2.1,2.1,1.75,1.75,215,1666,264.2,0.0013698630136986301,,,,,
2026-08-20 19:32:00,1.85,1.95,1.8,1.9,150,1751,264.2,0.0013698630136986301,,,,,
2026-08-20 19:33:00,1.9,2.05,1.9,2.05,101,1751,264.2,0.0013698630136986301,,,,,
2026-08-20 19:34:00,2.0,2.0,1.7,1.85,213,1733,264.2,0.0013698630136986301,,,,,
2026-08-20 19:35:00,1.85,1.95,1.7,1.95,213,1774,264.2,0.0013698630136986301,,,,,
2026-08-20 19:36:00,1.95,2.0,1.9,2.0,103,1768,264.2,0.0013698630136986301,,,,,
2026-08-20 19:37:00,2.0,2.05,1.85,1.95,230,1750,264.2,0.0013698630136986301,,,,,
2026-08-20 19:38:00,1.95,2.1,1.95,2.05,32,1764,264.2,0.0013698630136986301,,,,,
2026-08-20 19:39:00,2.05,2.35,2.05,2.2,298,1746,264.2,0.0013698630136986301,,,,,
2026-08-20 19:40:00,2.2,2.35,2.2,2.35,85,1729,264.2,0.0013698630136986301,,,,,
2026-08-20 19:41:00,2.35,2.45,2.35,2.4,247,1730,264.2,0.0013698630136986301,,,,,
2026-08-20 19:42:00,2.5,2.5,2.2,2.3,151,1746,264.2,0.0013698630136986301,,,,,
2026-08-20 19:43:00,2.3,2.45,2.25,2.45,120,1743,264.2,0.0013698630136986301,,,,,
2026-08-20 19:44:00,2.4,2.4,2.3,2.3,102,1750,264.2,0.0013698630136986301,,,,,
2026-08-20 19:45:00,2.35,2.5,2.35,2.4,74,1778,264.2,0.0013698630136986301,,,,,
2026-08-20 19:46:00,2.45,2.6,2.45,2.55,152,1785,264.2,0.0013698630136986301,,,,,
2026-08-20 19:47:00,2.45,2.55,2.45,2.45,81,1766,264.2,0.0013698630136986301,,,,,
2026-08-20 19:48:00,2.45,2.5,2.4,2.45,54,1765,264.2,0.0013698630136986301,,,,,
2026-08-20 19:49:00,2.6,2.6,2.55,2.6,103,1755,264.2,0.0013698630136986301,,,,,
2026-08-20 19:50:00,2.6,2.7,2.55,2.7,344,1848,264.2,0.0013698630136986301,,,,,
2026-08-20 19:51:00,2.7,2.7,2.45,2.5,146,1814,264.2,0.0013698630136986301,,,,,
2026-08-20 19:52:00,2.55,2.65,2.5,2.6,671,1828,264.2,0.0013698630136986301,,,,,
2026-08-20 19:53:00,2.6,2.7,2.6,2.6,112,1919,264.2,0.0013698630136986301,,,,,
2026-08-20 19:54:00,2.65,2.65,2.55,2.65,131,1940,264.2,0.0013698630136986301,,,,,
2026-08-20 19:55:00,2.65,2.65,2.55,2.6,90,1948,264.2,0.0013698630136986301,,,,,
2026-08-20 19:56:00,2.65,2.75,2.6,2.65,115,1950,264.2,0.0013698630136986301,,,,,
2026-08-20 19:57:00,2.7,2.7,2.55,2.7,302,1959,264.2,0.0013698630136986301,,,,,
2026-08-20 19:58:00,2.75,2.75,2.7,2.75,57,1919,264.2,0.0013698630136986301,,,,,
2026-08-20 19:59:00,2.8,2.8,2.4,2.4,244,1915,264.2,0.0013698630136986301,,,,,
2026-08-20 20:00:00,2.85,4.5,2.85,3.05,1320,1577,262.0,0.0013698630136986301,,,,,
2026-08-20 20:01:00,3.0,3.3,2.95,2.95,311,1662,262.0,0.0013698630136986301,,,,,
2026-08-20 20:02:00,3.0,3.0,2.8,2.9,152,1689,262.0,0.0013698630136986301,,,,,
2026-08-20 20:03:00,2.9,2.9,2.7,2.75,108,1710,262.0,0.0013698630136986301,,,,,
2026-08-20 20:04:00,2.7,2.85,2.7,2.75,161,1766,262.0,0.0013698630136986301,,,,,
2026-08-20 20:05:00,2.8,3.15,2.7,3.15,284,1725,262.0,0.0013698630136986301,,,,,
2026-08-20 20:06:00,3.0,3.45,3.0,3.4,314,1655,262.0,0.0013698630136986301,,,,,
2026-08-20 20:07:00,3.25,3.5,3.25,3.5,136,1666,262.0,0.0013698630136986301,,,,,
2026-08-20 20:08:00,3.3,3.7,3.3,3.4,479,1660,262.0,0.0013698630136986301,,,,,
2026-08-20 20:09:00,3.4,3.45,3.35,3.4,150,1697,262.0,0.0013698630136986301,,,,,
2026-08-20 20:10:00,3.35,3.45,3.1,3.25,138,1657,262.0,0.0013698630136986301,,,,,
2026-08-20 20:11:00,3.3,3.4,3.15,3.15,130,1625,262.0,0.0013698630136986301,,,,,
2026-08-20 20:12:00,3.3,3.4,3.15,3.4,117,1621,262.0,0.0013698630136986301,,,,,
2026-08-20 20:13:00,3.5,3.85,3.5,3.75,378,1562,262.0,0.0013698630136986301,,,,,
2026-08-20 20:14:00,3.8,3.85,3.55,3.65,132,1627,262.0,0.0013698630136986301,,,,,
2026-08-20 20:15:00,3.8,3.8,3.65,3.75,161,1591,262.0,0.0013698630136986301,,,,,
2026-08-20 20:16:00,3.75,3.9,3.6,3.7,113,1594,262.0,0.0013698630136986301,,,,,
2026-08-20 20:17:00,3.7,3.9,3.7,3.8,75,1583,261.1,0.0013698630136986301,,,,,
2026-08-20 20:18:00,3.95,4.15,3.8,4.1,251,1556,261.1,0.0013698630136986301,,,,,
2026-08-20 20:19:00,4.05,4.2,3.85,4.05,113,1558,261.1,0.0013698630136986301,,,,,
2026-08-20 20:20:00,4.05,4.05,3.65,3.8,232,1573,261.1,0.0013698630136986301,,,,,
2026-08-20 20:21:00,3.65,3.85,3.65,3.65,93,1625,261.1,0.0013698630136986301,,,,,
2026-08-20 20:22:00,3.7,3.7,3.5,3.5,75,1637,261.5,0.0013698630136986301,,,,,
2026-08-20 20:23:00,3.5,3.75,3.5,3.7,45,1615,261.5,0.0013698630136986301,,,,,
2026-08-20 20:24:00,3.75,3.85,3.7,3.7,135,1605,261.5,0.0013698630136986301,,,,,
2026-08-20 20:25:00,3.7,3.75,3.6,3.75,65,1588,261.5,0.0013698630136986301,,,,,
2026-08-20 20:26:00,3.85,3.9,3.65,3.65,111,1593,261.5,0.0013698630136986301,,,,,
2026-08-20 20:27:00,3.8,3.8,3.65,3.75,94,1614,261.5,0.0013698630136986301,,,,,
2026-08-20 20:28:00,3.65,3.8,3.65,3.8,48,1625,261.5,0.0013698630136986301,,,,,
2026-08-20 20:29:00,3.8,3.95,3.8,3.9,61,1625,261.5,0.0013698630136986301,,,,,
2026-08-20 20:30:00,3.9,3.95,3.85,3.95,10,1613,261.5,0.0013698630136986301,,,,,
2026-08-20 20:31:00,4.1,4.1,3.95,4.0,235,1565,261.5,0.0013698630136986301,,,,,
2026-08-20 20:32:00,4.0,4.0,3.7,3.7,153,1588,261.5,0.0013698630136986301,,,,,
2026-08-20 20:33:00,3.75,3.9,3.7,3.9,356,1632,262.0,0.0013698630136986301,,,,,
2026-08-20 20:34:00,3.85,3.9,3.7,3.75,47,1663,262.0,0.0013698630136986301,,,,,
2026-08-20 20:35:00,3.85,4.05,3.85,4.0,168,1671,262.2,0.0013698630136986301,,,,,
2026-08-20 20:36:00,4.0,4.1,3.95,4.1,223,1616,261.6,0.0013698630136986301,,,,,
2026-08-20 20:37:00,4.05,4.05,3.8,3.8,157,1565,261.6,0.0013698630136986301,,,,,
2026-08-20 20:38:00,3.8,3.8,3.65,3.75,72,1574,261.6,0.0013698630136986301,,,,,
2026-08-20 20:39:00,3.85,4.1,3.85,4.1,104,1579,261.6,0.0013698630136986301,,,,,
2026-08-20 20:40:00,4.1,4.2,4.05,4.15,94,1557,261.6,0.0013698630136986301,,,,,
2026-08-20 20:41:00,4.15,4.15,4.0,4.05,95,1513,261.6,0.0013698630136986301,,,,,
2026-08-20 20:42:00,4.1,4.1,3.95,3.95,118,1538,261.6,0.0013698630136986301,,,,,
2026-08-20 20:43:00,3.95,4.0,3.9,3.9,73,1578,261.6,0.0013698630136986301,,,,,
2026-08-20 20:44:00,4.0,4.0,3.85,3.85,52,1574,261.6,0.0013698630136986301,,,,,
2026-08-20 20:45:00,3.8,3.9,3.8,3.85,124,1649,261.6,0.0013698630136986301,,,,,
2026-08-20 20:46:00,3.8,3.85,3.8,3.85,27,1629,261.6,0.0013698630136986301,,,,,
2026-08-20 20:47:00,3.85,3.95,3.85,3.95,35,1629,261.6,0.0013698630136986301,,,,,
2026-08-20 20:48:00,3.95,4.0,3.9,4.0,7,1609,261.6,0.0013698630136986301,,,,,
2026-08-20 20:49:00,4.0,4.0,3.9,3.9,16,1609,261.6,0.0013698630136986301,,,,,
2026-08-20 20:50:00,4.0,4.1,3.95,4.05,197,1597,261.6,0.0013698630136986301,,,,,
2026-08-20 20:51:00,4.05,4.05,3.85,3.85,66,1626,261.6,0.0013698630136986301,,,,,
2026-08-20 20:52:00,3.9,3.95,3.8,3.95,137,1650,261.6,0.0013698630136986301,,,,,
2026-08-20 20:53:00,4.0,4.0,3.9,3.9,56,1688,261.6,0.0013698630136986301,,,,,
2026-08-20 20:54:00,4.05,4.05,4.0,4.05,24,1690,261.6,0.0013698630136986301,,,,,
2026-08-20 20:55:00,4.1,4.1,3.75,3.75,122,1679,261.6,0.0013698630136986301,,,,,
2026-08-20 20:56:00,3.65,3.8,3.65,3.7,86,1656,261.6,0.0013698630136986301,,,,,
2026-08-20 20:57:00,3.75,3.95,3.75,3.9,93,1665,261.6,0.0013698630136986301,,,,,
2026-08-20 20:58:00,3.8,3.95,3.8,3.8,24,1699,261.6,0.0013698630136986301,,,,,
2026-08-20 20:59:00,3.85,4.0,3.75,3.75,161,1711,261.6,0.0013698630136986301,,,,,
2026-08-20 21:00:00,3.75,3.75,3.5,3.55,319,1759,261.6,0.0013698630136986301,,,,,
2026-08-20 21:01:00,3.65,3.65,3.5,3.5,127,1757,261.8,0.0013698630136986301,,,,,
2026-08-20 21:02:00,3.5,3.7,3.5,3.7,98,1754,261.8,0.0013698630136986301,,,,,
2026-08-20 21:03:00,3.75,3.8,3.7,3.7,100,1798,261.8,0.0013698630136986301,,,,,
2026-08-20 21:04:00,3.7,3.7,3.6,3.6,36,1794,261.8,0.0013698630136986301,,,,,
2026-08-20 21:05:00,3.6,3.8,3.55,3.6,62,1773,261.8,0.0013698630136986301,,,,,
2026-08-20 21:06:00,3.6,3.65,3.6,3.6,20,1792,261.8,0.0013698630136986301,,,,,
2026-08-20 21:07:00,3.65,3.75,3.65,3.7,35,1803,261.8,0.0013698630136986301,,,,,
2026-08-20 21:08:00,3.6,3.65,3.4,3.45,60,1811,261.8,0.0013698630136986301,,,,,
2026-08-20 21:09:00,3.5,3.55,3.4,3.55,66,1809,261.8,0.0013698630136986301,,,,,
2026-08-20 21:10:00,3.45,3.45,3.3,3.3,77,1812,261.8,0.0013698630136986301,,,,,
2026-08-20 21:11:00,3.35,3.35,3.25,3.25,206,1820,261.8,0.0013698630136986301,,,,,
2026-08-20 21:12:00,3.3,3.3,3.1,3.2,123,1817,261.8,0.0013698630136986301,,,,,
2026-08-20 21:13:00,3.3,3.6,3.3,3.55,72,1821,261.8,0.0013698630136986301,,,,,
2026-08-20 21:14:00,3.6,3.65,3.5,3.6,169,1860,261.8,0.0013698630136986301,,,,,
2026-08-20 21:15:00,3.6,3.6,3.55,3.55,75,1875,261.8,0.0013698630136986301,,,,,
2026-08-20 21:16:00,3.55,3.65,3.55,3.55,73,1867,261.8,0.0013698630136986301,,,,,
2026-08-20 21:17:00,3.45,3.55,3.2,3.4,249,1873,261.8,0.0013698630136986301,,,,,
2026-08-20 21:18:00,3.45,3.45,3.35,3.4,37,1884,261.8,0.0013698630136986301,,,,,
2026-08-20 21:19:00,3.35,3.35,3.2,3.2,37,1889,261.8,0.0013698630136986301,,,,,
2026-08-20 21:20:00,3.2,3.3,3.1,3.2,141,1891,261.8,0.0013698630136986301,,,,,
2026-08-20 21:21:00,3.15,3.2,3.0,3.15,169,1874,261.8,0.0013698630136986301,,,,,
2026-08-20 21:22:00,3.0,3.05,2.95,3.05,122,1878,261.8,0.0013698630136986301,,,,,
2026-08-20 21:23:00,3.05,3.1,3.0,3.05,23,1890,261.8,0.0013698630136986301,,,,,
2026-08-20 21:24:00,3.05,3.1,3.0,3.05,55,1888,261.8,0.0013698630136986301,,,,,
2026-08-20 21:25:00,3.05,3.05,2.95,2.95,50,1890,261.8,0.0013698630136986301,,,,,
2026-08-20 21:26:00,2.9,3.0,2.85,2.95,98,1895,262.9,0.0013698630136986301,,,,,
2026-08-20 21:27:00,2.95,3.05,2.95,2.95,129,1899,262.8,0.0013698630136986301,,,,,
2026-08-20 21:28:00,3.05,3.3,3.05,3.3,87,1912,262.8,0.0013698630136986301,,,,,
2026-08-20 21:29:00,3.25,3.25,3.15,3.15,41,1938,262.2,0.0013698630136986301,,,,,
2026-08-20 21:30:00,3.15,3.4,3.15,3.35,212,1931,262.2,0.0013698630136986301,,,,,
2026-08-20 21:31:00,3.45,3.45,3.3,3.45,105,1940,262.2,0.0013698630136986301,,,,,
2026-08-20 21:32:00,3.35,3.45,3.35,3.35,46,1936,262.2,0.0013698630136986301,,,,,
2026-08-20 21:33:00,3.45,3.45,3.35,3.35,8,1944,262.2,0.0013698630136986301,,,,,
2026-08-20 21:34:00,3.35,3.5,3.3,3.4,85,1925,262.2,0.0013698630136986301,,,,,
2026-08-20 21:35:00,3.5,3.6,3.5,3.6,74,1901,262.2,0.0013698630136986301,,,,,
2026-08-20 21:36:00,3.35,3.5,3.35,3.35,216,1889,262.2,0.0013698630136986301,,,,,
2026-08-20 21:37:00,3.3,3.4,3.3,3.3,20,1910,262.2,0.0013698630136986301,,,,,
2026-08-20 21:38:00,3.35,3.4,3.3,3.35,26,1905,262.2,0.0013698630136986301,,,,,
2026-08-20 21:39:00,3.4,3.4,3.3,3.4,15,1909,261.9,0.0013698630136986301,,,,,
2026-08-20 21:40:00,3.35,3.35,3.2,3.25,53,1900,261.9,0.0013698630136986301,,,,,
2026-08-20 21:41:00,3.35,3.35,3.25,3.35,39,1921,261.9,0.0013698630136986301,,,,,
2026-08-20 21:42:00,3.3,3.35,3.2,3.2,80,1899,262.1,0.0013698630136986301,,,,,
2026-08-20 21:43:00,3.2,3.4,3.2,3.4,50,1904,262.1,0.0013698630136986301,,,,,
2026-08-20 21:44:00,3.4,3.45,3.35,3.4,100,1911,262.1,0.0013698630136986301,,,,,
2026-08-20 21:45:00,3.35,3.35,3.3,3.35,122,1911,262.1,0.0013698630136986301,,,,,
2026-08-20 21:46:00,3.4,3.4,3.3,3.35,38,1910,262.3,0.0013698630136986301,,,,,
2026-08-20 21:47:00,3.35,3.35,3.3,3.3,9,1908,262.3,0.0013698630136986301,,,,,
2026-08-20 21:48:00,3.35,3.4,3.3,3.35,27,1910,262.3,0.0013698630136986301,,,,,
2026-08-20 21:49:00,3.35,3.35,3.2,3.2,98,1914,262.3,0.0013698630136986301,,,,,
2026-08-20 21:50:00,3.15,3.15,3.0,3.0,119,1907,262.3,0.0013698630136986301,,,,,
2026-08-20 21:51:00,3.05,3.1,2.9,3.0,149,1902,262.3,0.0013698630136986301,,,,,
2026-08-20 21:52:00,3.05,3.3,3.05,3.25,135,1932,262.3,0.0013698630136986301,,,,,
2026-08-20 21:53:00,3.2,3.3,3.2,3.3,67,1939,262.3,0.0013698630136986301,,,,,
2026-08-20 21:54:00,3.3,3.35,3.25,3.25,20,1925,262.3,0.0013698630136986301,,,,,
2026-08-20 21:55:00,3.35,3.4,3.3,3.4,134,1919,262.3,0.0013698630136986301,,,,,
2026-08-20 21:56:00,3.45,3.45,3.4,3.4,87,1934,262.3,0.0013698630136986301,,,,,
2026-08-20 21:57:00,3.5,3.55,3.45,3.5,29,1931,262.3,0.0013698630136986301,,,,,
2026-08-20 21:58:00,3.4,3.55,3.4,3.55,320,1921,262.3,0.0013698630136986301,,,,,
2026-08-20 21:59:00,3.5,3.6,3.5,3.55,67,1852,262.3,0.0013698630136986301,,,,,
2026-08-20 22:00:00,3.5,3.75,3.45,3.65,160,1856,262.3,0.0013698630136986301,,,,,
2026-08-20 22:01:00,3.65,3.65,3.45,3.45,45,1876,261.9,0.0013698630136986301,,,,,
2026-08-20 22:02:00,3.55,3.6,3.5,3.55,42,1886,261.9,0.0013698630136986301,,,,,
2026-08-20 22:03:00,3.65,3.75,3.65,3.7,206,1864,261.9,0.0013698630136986301,,,,,
2026-08-20 22:04:00,3.7,3.8,3.7,3.75,51,1862,261.7,0.0013698630136986301,,,,,
2026-08-20 22:05:00,3.8,3.85,3.75,3.85,114,1880,261.7,0.0013698630136986301,,,,,
2026-08-20 22:06:00,3.75,3.8,3.7,3.8,81,1865,261.7,0.0013698630136986301,,,,,
2026-08-20 22:07:00,3.8,3.85,3.8,3.85,67,1890,261.7,0.0013698630136986301,,,,,
2026-08-20 22:08:00,3.75,3.9,3.75,3.85,75,1842,261.7,0.0013698630136986301,,,,,
2026-08-20 22:09:00,3.75,3.85,3.75,3.8,35,1842,261.7,0.0013698630136986301,,,,,
2026-08-20 22:10:00,3.75,3.8,3.7,3.75,35,1832,261.7,0.0013698630136986301,,,,,
2026-08-20 22:11:00,3.8,3.85,3.7,3.7,117,1880,261.7,0.0013698630136986301,,,,,
2026-08-20 22:12:00,3.65,3.7,3.65,3.7,23,1872,261.7,0.0013698630136986301,,,,,
2026-08-20 22:13:00,3.7,3.8,3.7,3.75,19,1868,261.7,0.0013698630136986301,,,,,
2026-08-20 22:14:00,3.8,3.8,3.7,3.7,9,1866,261.7,0.0013698630136986301,,,,,
2026-08-20 22:15:00,3.8,3.8,3.65,3.75,89,1868,261.7,0.0013698630136986301,,,,,
2026-08-20 22:16:00,3.65,3.75,3.65,3.7,61,1881,261.7,0.0013698630136986301,,,,,
2026-08-20 22:17:00,3.7,3.75,3.6,3.75,109,1866,261.7,0.0013698630136986301,,,,,
2026-08-20 22:18:00,3.8,3.85,3.7,3.85,116,1853,261.7,0.0013698630136986301,,,,,
2026-08-20 22:19:00,3.75,3.9,3.75,3.9,31,1866,261.7,0.0013698630136986301,,,,,
2026-08-20 22:20:00,3.95,3.95,3.65,3.65,58,1876,261.7,0.0013698630136986301,,,,,
2026-08-20 22:21:00,3.75,3.85,3.65,3.85,61,1868,261.7,0.0013698630136986301,,,,,
2026-08-20 22:22:00,3.8,3.95,3.8,3.9,52,1889,261.7,0.0013698630136986301,,,,,
2026-08-20 22:23:00,3.85,4.25,3.85,4.25,182,1893,261.2,0.0013698630136986301,,,,,
2026-08-20 22:24:00,4.25,4.35,4.2,4.25,182,1900,261.2,0.0013698630136986301,,,,,
2026-08-20 22:25:00,4.25,4.45,4.25,4.45,71,1933,261.2,0.0013698630136986301,,,,,
2026-08-20 22:26:00,4.55,4.55,4.35,4.35,177,1894,261.2,0.0013698630136986301,,,,,
2026-08-20 22:27:00,4.3,4.6,4.3,4.45,85,1933,261.2,0.0013698630136986301,,,,,
2026-08-20 22:28:00,4.55,4.75,4.55,4.65,106,1960,261.2,0.0013698630136986301,,,,,
2026-08-20 22:29:00,4.65,4.95,4.55,4.8,315,1963,260.5,0.0013698630136986301,,,,,
2026-08-20 22:30:00,5.0,5.0,4.85,4.85,90,1935,260.3,0.0013698630136986301,,,,,
2026-08-20 22:31:00,4.85,4.85,4.65,4.75,148,1933,260.7,0.0013698630136986301,,,,,
2026-08-20 22:32:00,4.8,4.8,4.55,4.6,84,1903,260.7,0.0013698630136986301,,,,,
2026-08-20 22:33:00,4.65,4.65,4.3,4.4,99,1855,260.7,0.0013698630136986301,,,,,
2026-08-20 22:34:00,4.35,4.4,4.3,4.35,83,1819,260.7,0.0013698630136986301,,,,,
2026-08-20 22:35:00,4.25,4.3,4.15,4.2,125,1809,260.7,0.0013698630136986301,,,,,
2026-08-20 22:36:00,4.2,4.3,4.15,4.2,161,1902,260.7,0.0013698630136986301,,,,,
2026-08-20 22:37:00,4.1,4.3,4.1,4.3,79,1911,260.9,0.0013698630136986301,,,,,
2026-08-20 22:38:00,4.3,4.45,4.2,4.35,93,1943,260.9,0.0013698630136986301,,,,,
2026-08-20 22:39:00,4.35,4.55,4.35,4.5,114,2018,260.6,0.0013698630136986301,,,,,
2026-08-20 22:40:00,4.45,4.5,4.3,4.35,94,2013,260.6,0.0013698630136986301,,,,,
2026-08-20 22:41:00,4.3,4.35,4.25,4.35,66,2012,260.6,0.0013698630136986301,,,,,
2026-08-20 22:42:00,4.45,4.55,4.45,4.55,37,2044,260.6,0.0013698630136986301,,,,,
2026-08-20 22:43:00,4.5,4.6,4.45,4.6,12,2041,260.6,0.0013698630136986301,,,,,
2026-08-20 22:44:00,4.6,4.6,4.6,4.6,20,2044,260.6,0.0013698630136986301,,,,,
2026-08-20 22:45:00,4.45,4.6,4.45,4.55,47,2052,260.6,0.0013698630136986301,,,,,
2026-08-20 22:46:00,4.55,4.55,4.5,4.5,20,2052,260.6,0.0013698630136986301,,,,,
2026-08-20 22:47:00,4.5,4.55,4.5,4.55,83,2066,260.6,0.0013698630136986301,,,,,
2026-08-20 22:48:00,4.65,4.7,4.55,4.6,33,2052,260.6,0.0013698630136986301,,,,,
2026-08-20 22:49:00,4.55,4.7,4.55,4.6,66,2012,260.6,0.0013698630136986301,,,,,
2026-08-20 22:50:00,4.6,4.7,4.55,4.6,10,2013,260.6,0.0013698630136986301,,,,,
2026-08-20 22:51:00,4.55,4.6,4.4,4.45,109,2021,260.5,0.0013698630136986301,,,,,
2026-08-20 22:52:00,4.5,4.65,4.35,4.4,31,2021,260.5,0.0013698630136986301,,,,,
2026-08-20 22:53:00,4.4,4.65,4.4,4.65,23,1993,260.5,0.0013698630136986301,,,,,
2026-08-20 22:54:00,4.55,4.65,4.45,4.55,61,1981,260.5,0.0013698630136986301,,,,,
2026-08-20 22:55:00,4.65,4.65,4.6,4.6,62,1972,260.5,0.0013698630136986301,,,,,
2026-08-20 22:56:00,4.55,4.7,4.55,4.7,12,1969,260.8,0.0013698630136986301,,,,,
2026-08-20 22:57:00,4.55,4.8,4.55,4.6,71,1920,260.8,0.0013698630136986301,,,,,
2026-08-20 22:58:00,4.75,4.75,4.45,4.5,77,1908,260.6,0.0013698630136986301,,,,,
2026-08-20 22:59:00,4.4,4.6,4.4,4.55,75,1873,260.6,0.0013698630136986301,,,,,
2026-08-20 23:00:00,4.55,4.55,4.3,4.45,147,1812,260.6,0.0013698630136986301,,,,,
2026-08-20 23:01:00,4.3,4.5,4.25,4.25,100,1727,260.9,0.0013698630136986301,,,,,
2026-08-20 23:02:00,4.3,4.3,4.1,4.3,218,1674,260.5,0.0013698630136986301,,,,,
2026-08-20 23:03:00,4.15,4.25,4.1,4.2,44,1618,260.5,0.0013698630136986301,,,,,
2026-08-20 23:04:00,4.15,4.2,4.1,4.15,19,1609,260.7,0.0013698630136986301,,,,,
2026-08-20 23:05:00,4.2,4.2,4.0,4.0,129,1597,260.7,0.0013698630136986301,,,,,
2026-08-20 23:06:00,4.05,4.3,4.05,4.15,121,1614,261.1,0.0013698630136986301,,,,,
2026-08-20 23:07:00,4.15,4.15,3.65,3.7,230,1566,261.2,0.0013698630136986301,,,,,
2026-08-20 23:08:00,3.8,3.9,3.65,3.9,35,1586,261.2,0.0013698630136986301,,,,,
2026-08-20 23:09:00,3.9,3.9,3.9,3.9,0,1586,261.2,0.0013698630136986301,,,,,
2026-08-20 23:10:00,4.05,4.15,4.05,4.15,73,1539,261.2,0.0013698630136986301,,,,,
2026-08-20 23:11:00,4.15,4.15,4.05,4.05,8,1539,261.2,0.0013698630136986301,,,,,
2026-08-20 23:12:00,4.05,4.05,4.05,4.05,0,1539,261.2,0.0013698630136986301,,,,,
2026-08-20 23:13:00,4.05,4.05,4.05,4.05,8,1532,261.2,0.0013698630136986301,,,,,
2026-08-20 23:14:00,4.0,4.15,4.0,4.15,18,1527,261.2,0.0013698630136986301,,,,,
2026-08-20 23:15:00,4.1,4.15,4.1,4.1,21,1518,261.2,0.0013698630136986301,,,,,
2026-08-20 23:16:00,4.05,4.05,0.6,4.0,863,1290,261.2,0.0013698630136986301,,,,,
2026-08-20 23:17:00,4.0,4.0,3.8,3.8,35,1268,261.2,0.0013698630136986301,,,,,
2026-08-20 23:18:00,3.8,3.8,3.65,3.65,37,1256,261.2,0.0013698630136986301,,,,,
2026-08-20 23:19:00,3.75,3.8,3.75,3.8,29,1241,261.0,0.0013698630136986301,,,,,
2026-08-20 23:20:00,3.8,3.85,3.65,3.85,36,1232,261.3,0.0013698630136986301,,,,,
2026-08-20 23:21:00,3.85,3.95,3.8,3.95,27,1242,261.3,0.0013698630136986301,,,,,
2026-08-20 23:22:00,3.95,3.95,3.85,3.85,11,1242,261.3,0.0013698630136986301,,,,,
2026-08-20 23:23:00,3.95,3.95,3.95,3.95,11,1255,261.2,0.0013698630136986301,,,,,
2026-08-20 23:24:00,4.0,4.0,3.85,3.85,3,1269,261.2,0.0013698630136986301,,,,,
2026-08-20 23:25:00,4.0,4.15,3.65,3.65,24,1267,261.5,0.0013698630136986301,,,,,
2026-08-20 23:26:00,3.65,3.65,3.65,3.65,0,1267,261.5,0.0013698630136986301,,,,,
2026-08-20 23:27:00,3.95,3.95,3.95,3.95,1,1270,261.5,0.0013698630136986301,,,,,
2026-08-20 23:28:00,4.15,4.15,4.0,4.0,10,1270,261.5,0.0013698630136986301,,,,,
2026-08-20 23:29:00,4.0,4.0,4.0,4.0,2,1270,261.4,0.0013698630136986301,,,,,
